full_text,label
Serius kalian mesti transaksi pake OVO PayLater ada potongan 40rb dan bisa digabung promo lain gua jadi dapet potongan 100k lebih woyyyy lumayannnn bangett bangett coba cek aplikasi lo dehh https://t.co/nNfV6ZB4Hv,6
KODE PROMO TERBARU GOJEK GAJIAN COBAINGOJEK GSHLCZ873SK9 GORIDEAJA GOCARAJA GOKANTOR GOSHOP GOMART YUKSEKOLAH GOSENDHEMAT COBAINGOSEND https://t.co/BiOcG3PDLt,5
 SUPER BIG MATCH ALERT! Pertandingan yang kita tunggu-tunggu akhirnya tiba! Dua raksasa sepak bola Indonesia Persib Bandung dan Persija Jakarta akan kembali bertemu dalam duel panas! Siap mendukung tim kebanggaanmo? Nggak cuma siapin semangat tapi juga harus siapin https://t.co/MvUXUYIKs0,6
DISKON MAKANAN &amp; MINUMAN PROMO GAJIAN AKHIR BULAN A thread https://t.co/yYTQr3MZeS,0
KUMPULAN PROMO GOJEK BIAR KAMU MAKIN¬†HEMAT! https://t.co/ZBjRLgXbw9,5
Guyssss! Promo jajan ebooknya murah banget semua ebook diskon 50% Ô∏è Mumpung lagi payday sale jajan juga yuk! Link list buku: https://t.co/GHqAmfKqCY,6
Jadi tuh aku pernah dengar cerita di radio. Ini beneran yah. True story. Jangan diskip. Kalau kalian bingung promo tiket bioskop Buy 1 Get 1. Karena cewek ini lajang dan malas kalau sebelahan sama orang asing dia kalau nonton sering beli 2 tiket. Ternyata ,2
Promo Beli 1 Gratis 1 tiket nonton film Home Sweet Loan Ô∏è 26-27 September 2024 Promo berlaku untuk penayangan hari yang sama https://t.co/R66VFd2DQC,2
Mayan dapet promo Bioskop buy 1 get 1 yeaayyy https://t.co/4Gj6VdSo51,2
Promo diamond via id (Gabisa buat PO) 278 61K Legal Gagal di refull Semi fast 5-60 Menit #zonauang ml mlbb mobile legends dm diamond promo,2
KODE PROMO GOJEK GAJIAN COBAINGOJEK GSHLCZ873SK9 GORIDEAJA GOCARAJA GOJEKHEMAT GOBANDARA GOSHOP GOMART YUKSEKOLAH YUKNGAMPUS,5
‚Äº INFO PROMO BUKU ‚Äº Coba deh kalian cek akun tokped kalian ada voucher WIB sampe 50rb! Potongannya lumayan bgttt Katanya nanti bakal ada lagi pas di Guncang 10.10 juga https://t.co/o7M5ECuB7n,6
Traveloka diskon untuk semua kategori hingga Rp70.000 Ô∏è Hingga 30 September 2024 Khusus pembayaran OVO Kode promo: PAYWITHOVO Kuota terbatas https://t.co/VzaeU11zcl,5
Gesss mau tau promo gojek minggu ini gakk? Cekidot ya silakan disave share ama dipake ygy.... - GOWEEKEND --&gt; isinya vocer gocar khusus buat weekend mayan buat ke mol ga kepanasan atau keujanan wkwkwk - GAJIAN - sama ada goride gocar mayan bgt wkwkw - HUTBANDUNG --&gt; Khusus https://t.co/ENs9uvO6vk,5
PROMO 10K SAMPAI 100% Rekber/langsung Langsung dm!! #zonauang #zonajajan #zonabu #mlbb https://t.co/gJfXaBpag5,2
KUMPULAN PROMO GOJEK BIAR KAMU MAKIN¬†HEMAT! https://t.co/V37tosfjeY,5
Kode promo gojek Senin 30 September 2024 GORIDEAJA GOCARAJA GOSENDHEMAT GOBANDARA GOKANTOR GOSTASIUN GOWHOOSH GOMALL YUKSEKOLAH GAJIAN GOKONSER GOJEKINKONSER HUTKAI Jumat Sabtu &amp; Minggu: GOWEEKEND Area tertentu: GOJEKHEMAT LEBIHHEMAT HUTBANDUNG GOJEKKOTALAMA GOGREENACTION,5
Promo gojek gostasiun dikit banget njir kangen masa2 diskon 10 rebu ,6
Nikmati santapan lezat di Swissotel Jakarta PIK Avenue dengan promo spesial menggunakan Kartu Kredit BCA Ô∏è Beli 3 dapat 4 untuk Weekend Brunch (hari Sabtu &amp; Minggu) dan Diskon 20% untuk All You Can Eat - Interactive Buffet Lunch (hari Senin - Jumat) di The Chinese National https://t.co/k97yGDQweB,0
PROMO DM ML VIA ID 4830dm ml 810k 2010 dm ml 405k legal langsung DM kalau tertarik #zonauang #mlbb dm ml starwars diamond promo,2
Info Promo Pepper Lunch pakai OVO Berlaku tiap selasa selama Oktober 2024 https://t.co/vYYwmofINp,0
Gara2 ngeditin foto2 lama jadi kangen jalan-jalan. Terus iseng cek2 tiket &amp; hotel di Traveloka eh malah baru tau sekarang payment di Traveloka bisa pake OVO Ada promo pula Mayan gaes ada potongan 80rb buat transaksi minimal 400rb. Jiwa2 promoanku meronta-ronta wkwkwk https://t.co/RniQBhxvf9,5
 Jajannya Hari Ini Bayarnya Nanti! Pakai Kredivo buat jajan skin dan item baru di itemku bisa dapet ùóñùóîùó¶ùóõùóïùóîùóñùóû ùü±ùü¨% Kapan lagi kan dapet promo kayak gini? Ayo top up dulu baru #MAINKAN! #itemku #kredivo #MLBB #PUBGM #FreeFire https://t.co/Nk8l36WN76,2
Tutorial claim voucher: 1. Masuk ke halaman 10.10 Fest Traveloka 2. Pilih bank &gt; OVO. 3. Copy promo code. 4. Masuk ke pembayaran. 5. Pilih OVO sebagai pembayaran. 6. Masukkan promo code. https://t.co/AhsTvo5Rst,5
promo dm ml &amp; wdp ml via id proses 3-15 menit ‚äπ bca seabank gopay shopeepay dana ovo qris ‚äπ order via dm atau https://t.co/fnPXA0bPKk #zonauang #zonajajan wdp dm ml https://t.co/18D0whvml7,2
Kalo lagi kangen makan di Solaria ada promo nih gaesss OVO 7 Hari 7 Promo. Bayar pake QRIS OVO di Solaria langsung dapet cashback up to 45ribu OVO Points minimum transaksi 100ribu. Cuss ajak temen atau keluarga makan biar cashbacknya makin gede. Jangan lupa pas bayar pake https://t.co/DEzCfOEnEZ,0
Promo Token Listrik 100K bayar 95K Bayar via QRIS ShopeePay Dana OVO LinkAja Gopay BRI,6
Promo gojek potongan 3rb &amp; 8rb (jkt) Fee 3rb https://t.co/Tsr0oFcWWb,5
Promo Cashback OVO Points di PLN Mobile! Dapatkan cashback 3% dalam bentuk OVO Points setiap kali bertransaksi di PLN Mobile menggunakan OVO! Cukup dengan minimal transaksi Rp150.000 kamu bisa mendapatkan cashback hingga Rp10.000 per transaksi selama kuota harian masih tersedia. https://t.co/UVat2mGep9,6
Epic 2 - mythic 150k only proses sat set Promo 10* epic 45k 10* legend 50k Minat sung DM atau ke wa di bio Testi cek pinned twt #zonauang #Raizel_MlBB https://t.co/67V8ezXsX7,2
Promo GoJek Menyambut Hari Jadi Kota Jogja ke 268 Di hari spesial utk warga Jogja nanti GoJek akn kasih hadiah spesial nih Utk kmu yg mau berkelana di hari jdi kota Jogja jgn lupa pke GoJek! Lagi ada promo sampai dgn 50rb ini utk GoRide GoCar &amp; GoTransit kode: *HUTJOGJA*,5
kode promo voucher gojek/ojek online/grab/goride/grabbike (jadi gratis) input kode berikut: GORIDEAJA GOCARAJA GAJIAN GOWEEKEND GSHUFTYMWUJN DUTAHEMATGOJEK YUKNGAMPUS GOJEKSETIAPHARI GOHOLIDAY GOTRANS GOKANTOR GOBANDARA GOSENDHEMAT GOSTASIUN LEBIHHEMAT GOJEKHEMAT https://t.co/eAmtdXbp4h,5
wtb promo gojek goride #zonajajan #zonauang,6
Promo Cashback OVO Points di PLN Mobile! Dapatkan cashback 3% dalam bentuk OVO Points setiap kali bertransaksi di PLN Mobile menggunakan OVO! #PLNMobile #semuamakinmudah https://t.co/FfT16vFSbl,6
promo gojek hari senin spesial ultah GOJEKULTAH GORIDEAJA GOCARAJA,5
buruan klaim promo gojek hari senin spesial ultah GOJEKULTAH GORIDEAJA GOCARAJA GOJEKHEMAT GOSENDHEMAT https://t.co/8q92z09Fz7,5
Beli paket internet &amp; pulsa Telkomsel bisa dapet #CashbackNampol loh! Caranya transaksi di MyTelkomsel min Rp25.000 &amp; bayar pakai OVO Cash bisa dapet cashback OVO points maks 50.000. Yuk transaksi sekarang di https://t.co/2zwfCKtHh0 promo sampai 20 Oktober 2024! *S&amp;K https://t.co/lUYydF5RG9,4
Promo diamond ML 278 67.500 berlaku kelipatan Wdp 25.500 50 slot bisa tumpuk Order by DM atau WA ke @Netherseth #zonauang #Zonajajan #MLBB https://t.co/6KX9GnyJwe,2
Ternyata healing itu gak perlu jauh-jauh. Dapat promo cashback aja udah cukup. Caranya kamu bisa menggunakan metode pembayaran Kartu Kredit Mandiri yang bisa dapat cashback hingga Rp30.000 atau menggunakan OVO yang bisa dapat cashback hingga 15.000 OVO Points. Jangan ditunda https://t.co/E9pA7uE9DP,6
Siap sedia sambar tiket ini! KUL - Bali - KUL RM199 KUL - Jakarta - KUL RM199 Promosi akan bermula tepat jam 12 tengahari SEKEJAP LAGI! Tekan reminder siap-siap supaya tak terlepas promo ini di sini https://t.co/mEMkNWpctm https://t.co/mEMkNWpctm https://t.co/Ordj6IynWS,6
DISKON MAKANAN &amp; MINUMAN PROMO 10.10 A thread https://t.co/zwAyoQQorY,0
 gusy siapa yg baru tau kalo di Grab bs beli pulsa? ‚ÄçÔ∏è trus lagi diskon ditambah kode promo makin murah lg. maklum anak pertama hrs beliin pulsa buat adek &amp; ortu. https://t.co/jnGAriNTC0,4
Info Promo Diskon Kilat Grab Food Cek grab food kalian gais https://t.co/b2SX4Flp2c,0
kode promo gojek 10.10 GOJEK1010 GOJEKULTAH https://t.co/hfWAHPTtYo,5
Yang mau kode promo merapat!!!! https://t.co/Kih2iqOKmf,6
Oktober be-nya belanja buku~ Ada promo 10.10 yang berlaku di tiap e-commerce Solusi Buku (Shopee Tiktok dan Tokopedia). Saranku buruan sebelum ganti hariii https://t.co/vESNxxk7Ej,6
Jemput promo buku 30% cuma di SHOPEE 10.10! Kamu bisa check out buku-buku incaranmu di Penerbit Mizan dan Pastel Books dengan diskon 30% lho! Jangan sampe ketinggalan ya Mizaners! Ô∏è Shopee Mizan Official Shop https://t.co/I9ukwmUeZW,6
nihh guyss aku spill kode voucher yg buat aku hemat pake Gojek caranya: -buka Gojek -pilih bagian Promo -klik Masukkan kode promo -ketik kodenya -validasi Kode buruan klaim dan pake promonya guys!! https://t.co/DK8BAQ60LH,5
PROMO MLBB VIA ID 288 Rp 66.000 576 Rp 133.000 864 Rp 210.000 1152 Rp 268.000 1440 Rp 335.000 NOTE ¬ª Berlaku Kelipatan ¬ª Di Proses SLOW MAX DONE PAGI ¬ª Legal bergaransi #zonauang,2
Info Promo Grab Food Jangan lupa masih ada diskon grab food 50%++ ya https://t.co/YZVfSyn3wZ,0
Ô∏è Promo Nonton CGV Kuasa Gelap &amp; Free Popcorn Ô∏è Promo Nonton CGV Lembayung &amp; Free Popcorn Ô∏è Promo F&amp;B CGV Combo Solo 30k 1 Minuman &amp; 1 Popcorn T wts tiket murah film bioskop diskon kode voucher beli jual https://t.co/WG2V9lRpn8,2
Hi teman-teman. Aku lagi ada promo Jumat Berkah nih! Pempek ikan gabus diskon dari Rp80.000 jadi Rp75.000 + GRATIS ongkir ke seluruh Jakarta . Syaratnya pesan hari ini diantar minggu depan. Bayarnya setelah pempek sampai. Yuk jangan sampai kehabisan! https://t.co/aPezHNBWOC,0
Lagi cari alat dapur canggih? Nih pas banget! RAVELLE Food Chopper &amp; Soymilk Maker lagi promo di Shopee. Dapetin voucher 100 ribu buat belanja sekarang juga! Masak jadi lebih gampang praktis dan hemat waktu! Yuk cek sekarang sebelum kehabisan! https://t.co/mKTSUJIKWp https://t.co/Rlo3IpZ2LP,0
Terima kasih banyak atas pembeliannya di sini! Truly appreciate your orderÔ∏è Ô∏è Promo Nonton Cinepolis 45k 2 Tiket &amp; 1 Popcorn Ô∏è Promo Nonton XX1 B1G1 Pulau Hantu Ô∏è Promo Nonton CGV Kuasa Gelap T wts tiket murah film bioskop diskon kode voucher beli jual https://t.co/Y6K9Bh4KLF,2
READY Promo Nonton Bioskop B1G1 XXI CGV Cinepolis khusus film Kemah Terlarang &amp; Pulau Hantu Order via wa: https://t.co/SYP4OoXsiF Harga 1 tiket + 15k-20k(fee) = 2 tiket. Mins. 45k jadi 60k untuk 2 tix Film lainnya diskon 3-20k T wts murah voucher diskon kode,2
PROMO 10.10 is BACK! Top up game MLBB dan bayar pakai Telkomsel kamu bisa dapetin voucher GoPay senilai 10 ribu! Jangan sampai terlewat karena promo ini berlaku dari 10 - 13 Oktober 2024! Dapatkan promonya hanya di MyTelkomsel atau di https://t.co/SdRWhdKWfZ. *S&amp;K Berlaku https://t.co/yPbP3Ef6Xr,2
Kamu bisa baca cerita selengkapnya dalam buku yang paling viral yaitu Merasa Pintar Bodoh Saja Tak Punya. - Rusdi Mathari Ada promo beli 2 buku dapet diskon lebih banyak https://t.co/ouzfxERvw8 https://t.co/X8d7w4r8YR,6
Akan ada 2 promo khusus: Rp15.000 - dapat 3 buku (*varian judul bebas pilih dalam gambar) Rp25.000 - dapat 3 buku (*varian judul bebas pilih dalam gambar) Catat dan ingat! - Periode promo 11-15 Oktober 2024 - Stok terbatas - Cuma sekali! https://t.co/WKBvAOmgB3,6
WTS PROMO TIKET NONTON DI BIOSKOP Order via https://t.co/SYP4OoXsiF Close DM Mohon dibaca terlebih dahulu. Berikut list promo tiket bioskop dan F&amp;B: Ô∏è Pemesanan Online: - Diorderin via apps after payment dapat eticket QR/Barcode/Booking id &amp; passkey tinggal cetak 1. https://t.co/1wgFevi1P0,2
Cek [PRE ORDER] LABUBU CLOSE TO SWEET SCENTED PINK MOKOKO LABUBU05 dengan harga Rp375.000. Dapatkan di Shopee sekarang! https://t.co/mDSIfd6mzq https://t.co/4lXLxngnKW,2
WTS PROMO NONTON DI BIOSKOP CGV FREE POPCORN Order via wa: https://t.co/SYP4OoXsiF Ô∏è Diskon Tiket Mins. Harga 1 tiket* 35k. Jadinya 30k/tix FREE ADMIN &amp; FREE FEE *Harga 1 tiket tergantung lokasi FREE POPCORN min. Pembelian 2 Tiket Tg wts murah voucher diskon kode https://t.co/t6vsIebcv1,2
[Reminder] Voucher Shopee Live XTRA *Diskon 50% s/d 10k minbel 20k *Berlaku mulai jam 12:00 &amp; 20:00 *Hanya berlaku untuk produk bertanda Live XTRA *Rekomendasi toko makanan ringan https://t.co/PNbSmmB19g https://t.co/iZFu9B3zP1 https://t.co/J9hz2vRHPR https://t.co/Ht7ZGBAYL3,6
Gesss mau tau promo gojek minggu ini gakk? Cekidot ya silakan disave share ama dipake ygy.... - GOWEEKEND --&gt; isinya vocer gocar khusus buat weekend mayan buat ke mol ga kepanasan atau keujanan wkwkwk - GOJEKHEMAT --&gt; buat dom Bandung Semarang Jogja Solo. Yg udh klaim di https://t.co/skbP20OtuT,5
Cek Yooyi Bh Big Size Perempuan Tanpa Kawat Bra Wanita Jumbo 36-46 Ukuran Besar Fashion Busa Tipis Sangat Nyaman Sexy Cup 3/4B 025 dengan harga Rp19.900. Dapatkan di Shopee sekarang! https://t.co/98pdRiZmUR https://t.co/LGX9S6Ftej,3
Cek Yooyi Tank Top Wanita Ada Cup Bra Korean Kamisol Croptop V Neck Atasan Bra Perempuan Dewasa 016 dengan harga Rp25.490. Dapatkan di Shopee sekarang! https://t.co/JP6370Nxpu https://t.co/97FFwePxNm,3
HAPPY BABY HAPPY SUNDAY! Belanja kebutuhan bayi makin hemat karena ada promo spesial! Dapatkan cashback Rp10.000 setiap pembelian produk susu dan makanan bayi min Rp100.000 atau perlengkapan bayi lainnya min Rp50.000 Yuk buruan belanja kebutuhan si kecil sekarang juga~ https://t.co/v7p1K8TKSl,0
Finansiasyik Bayar-bayar dibawa asyik! Promo Grab Gift Voucher Diskon Hingga Rp.25.000 - dengan menggunakan Kartu Kredit KB Bank ~ * Syarat &amp; ketentuan berlaku : https://t.co/k4aSq8h411,5
Mulai memasuki umur jd Promo Hunter gak lg ngejar promo skinker baju sepatu tp ngejar promo MINYAK GORENG! Mayan bgt nih minyak goreng 2Liter di GoMart 29ribuan doang! Gak perlu mikir langsung check out di GoMart ~ Buruan cek di sini sebelum keabisan : https://t.co/P5WYSRfdh7 https://t.co/08VIaxVo7W,0
Jangan sampe ketinggalan diskon up to 30 ribu khusus di Oktober ini! Bayar tagihan XL SATU via Tokopedia pake kode promo XLHOMENEW untuk pengguna baru &amp; XLHOMETOPED untuk pelanggan setia Yuk bayar tagihan XL SATU kamu sekarang! #BeraniJadiSatu #SekeluargaJadiSatu https://t.co/L3FAHfcleI,4
 Cashback 75% dengan Allo Bank bikin top up makin mantap! Top up game favorit kamu di itemku pakai Allo Bank dan nikmati CASHBACK HINGGA 75% Jangan sampai ketinggalan promo ini cuma ada di itemku. Top up dulu baru #MAINKAN! *S&amp;K Berlaku #Lapakgaming #AlloBank #MLBB https://t.co/pG4nAcmRtu,2
Jangan biarkan poin MyPertamina kamu sia-sia! Tukar dengan voucher makanan belanja tiket masuk gratis KidZania dan nikmati berbagai promo spesial yang sayang untuk dilewatkan! #MyPertamina #SemuaJadiIstimewa #Call135 #EnergizingYourJourney,0
HP GRATIS DI HARI MINGGU CUMA DI JAM 19.00-20.00 AJAA Caranya: 1. Follow @tokopedia 2. Repost &amp; Like tweet ini 3. Reply dengan menjawab pertanyaan Sebutin promo Tokopedia Happy Hour yang paling kamu tunggu-tunggu dan produk yang kamu mau beli! 4. Pakai hashtag https://t.co/OdLjet9pcj,4
Uniqlo is taking over Titik Temu at SCBD with their Flannel Menu kolaborasinya enak showcase flannel collection terbaru juga seru! Dekorasinya yg bikin feel-nya jadi beda~ Mampir &amp; cobain sendiri! Eh tiap Jumat ada promo free ELGA kalo dateng pake flannel dan min spend https://t.co/N025Wfw7BU,3
Kode promo Gojek/Goride/Gocar/Gofood/Gosend COBAINGOJEK GOJEKHEMAT GAJIAN GOWEEKEND GOJEKSETIAPHARI GOKANTOR GOSTASIUN GOBANDARA GOSENDHEMAT YUKSEKOLAH YUKNGAMPUS LEBIHHEMAT GORIDEAJA GOCARAJA semangat war nya nanti malem #gojek #zonauang,5
Kupon Tokopedia Senin Jam 00.00 Diskon 50% s.d 30k minimal beli 50k. Untuk kategori: Kecantikan Kesehatan dan Perawatan Tubuh. Klaim via direct link https://t.co/IC3NvnX5XG ‚ÄºÔ∏èPemakaian terbatas. Klaim langsung pakai. Rekomendasi kategori: - Produk kesehatan https://t.co/Vq5bFwKfs6,1
Siapa yang sepatunya udah kotor? Yang udah kotor boleh banget nih cuci di 404 cuci sepatu kami ada promo cuci 3 hanya 60k nih pad! Yuk langsung chat kami aja. https://t.co/7p4mquzNBT,3
Kode promo gojek Senin 14 Oktober 2024 GORIDEAJA GOCARAJA GOSENDHEMAT GOBANDARA GOAIRPORT GOKANTOR GOSTASIUN GOWHOOSH GOMALL YUKSEKOLAH GAJIAN GOKONSER GOJEKPAYAKUMBUH Jumat Sabtu &amp; Minggu: GOWEEKEND Area tertentu: GOJEKHEMAT LEBIHHEMAT HUTBANDUNG GOJEKKOTALAMA GOGREENACTION,5
Kode Promo Gojek GOJEKULTAH https://t.co/G9RWaVHwPY,5
Mau makan di resto banyak promo? Sini sini! Ada promo HallOctober dari @SolariaID. Kamu bisa dapetin diskon sampe 53 ribu cobain menu Nasi Bistik ayam Mie Goreng Sapi dan Nasi Sapo Tahu. Sikat promonya sekarang sebelum tanggal 31 Oktober gaes! https://t.co/lHTYe6DlVN https://t.co/arE0DRTZi4,0
Info Promo Kintan Buffet Shaburi Periode 14-25 Okt 2024 (setiap senin-kamis jam 10-17) https://t.co/N7BalaWOs9,0
Info Promo Roti O Beli 4 gratis 1 Berlaku 14-20 Oktober 2024 (khusus offline hanay weekdays) https://t.co/ILrG5EiSDB,0
Diskon 20% s/d 100k | Tokopedia Kode promo: health14oc *Min. transaksi 30k *Hanya berlaku untuk produk Kecantikan Kesehatan &amp; Perawatan Tubuh -------- *Rekomendasi Toko Kesehatan Century Healthcare https://t.co/yXqkp2xosG CleverHealth https://t.co/TDYp6r9LMO Hansaplast https://t.co/KTTJgt707L,1
 GIVEAWAY SAMSUNG GALAXY A15 Hari ini ada Samsung Galaxy A15 senilai 2 8JT++. Mau? Caranya: - FOLLOW @ShopeeID - RT tweet ini - KLIK banner di bawah ini - REPLY sejak kapan kamu pakai Shopee dan apa promo favorit kamu? GOOD LUCK ,4
Dapatkan berbagai produk kategori MAKANAN &amp; MINUMAN yang hemat di Indomaret selama periode 3 - 16 Oktober 2024. Info selengkapnya di https://t.co/mlV4QDnjjU . #SuperHemat #Indomaret #PromosiIndomaret https://t.co/c4IdRiU2FS,0
mau cerita tapi bingung ke siapa? peer counselor https://t.co/mX8CrreoW1 siap jadi teman cerita keluh kesah kamu! https://t.co/mX8CrreoW1 akan memberikan promo BUY 1 GET 1 FREE Counseling Session buat kamu yg mau konseling mulai 14 Oktober 2024!! Yuk ikuti sesi konselingnya,6
 Promo seru di Imperial Kitchen! Hanya dengan min. transaksi Rp 200.000++ nikmati Tahu Jamur Shimeji seharga Rp 25.000++! Berlaku dari 14-25 Oktober 2024 jadi ajak teman dan keluarga kamu untuk nikmati momen seru ini! Ô∏è Jangan sampai ketinggalan! Cek syarat https://t.co/ZEeN6C6u5J,0
diskon menu fore coffee 50% caranya: 1. install apps fore coffee 2. daftar dan klik bagian memiliki kode referral lalu masukin kode referral A538C1 tags. promo diskon reff referal refferal kopi gratis murah dessert jajan croissant butterscotch minuman makanan voc voucher https://t.co/QhRJtHvE7M,0
WTS PROMO TIKET NONTON DI BIOSKOP Order via https://t.co/SYP4OoXsiF Close DM Mohon dibaca terlebih dahulu. Berikut list promo tiket bioskop dan F&amp;B: Ô∏è Pemesanan Online: - Diorderin via apps after payment dapat eticket QR/Barcode/Booking id &amp; passkey tinggal cetak 1. https://t.co/HIpJv8DnBM,2
READY Promo Nonton Bioskop B1G1 XXI CGV Cinepolis khusus film Boleh Kah Sekali Saja Aku Kumenangis &amp; Tebusan Dosa Order via wa: https://t.co/SYP4OoXsiF Harga 1 tiket + 10k(fee) = 2 tiket Mins. 45k jadi 55k untuk 2 tix T wts murah voucher diskon kode https://t.co/qvzzt4sA4y,2
 Kabar baik! Promo Opening The People s Cafe hadir! Beli 1 Nasi Goreng Gila atau Teri Medan dapatkan GRATIS Nasi Ayam Geprek Komplit! Cuma sampai 27 Oktober 2024! Mampir ke Summarecon Mall Bandung dan Festival Citylink! Ô∏è Yuk cek detailnya di sini https://t.co/uL2so8ch6K,0
Gusyy yg mau nonton bioskop cinepolis aku ada kupon diskon buy 1 get 1. Rep aja ya https://t.co/QhGwwo5NL9,2
 Jangan lupa diskon 50% maksimal Rp100.000 termurah di shopee Minimal pembelian Rp100.000 ‚è∞ Jam 12:00 Mincun kemarin beli ini Tws Soundcore R50i https://t.co/rN6gRCiRJC https://t.co/9nbAkkVT6E,6
gusyy ini ada ingfo promo gojek gasinn redeem bisa dipake semua kok HWJTDGQ6 JAJANQU64CZ6 JAJANWS8M8RZ GOCARAJA COBAINGOJEK GOWEEKEND GORIDEAJA YUKNGAMPUS,5
 Annyeong WITHMUU Chingu Bandung! Promo WITHMUU di Paris Van Java 14-20 Oktober! Dapatkan album K-Pop favoritmu dan peluang dapet Sign Poster &amp; Selfie Time bareng Pagaehun! Yuk cek infonya disini! https://t.co/EwauSqJ5KE #WITHMUU #KPop #ParisVanJava,2
SPORT STATION lagI ada banyak promo nihh diskon sampai dengan 80%‚ÄºÔ∏è Converse disc up to 80% starts from 200k New balance Reebok Adidas Nike &amp; Skecher starts from 400k Yang mau jastip boleh yaa fee 30k/sepatu bisa gratong xtra Dom yogya https://t.co/53WbVSbWcx,3
Meluncur ke sini ya... Shopee Elex : https://t.co/1bEM7phANh Shopee Official : https://t.co/54sGL8vXDc Tokopedia : https://t.co/mLIlwl4sBQ @gramediadotcom : https://t.co/NrPC2qSVny @elexmedia @comic_lxlc https://t.co/9RV1OnCTuu,6
Bayar QRIS pakai SPayLater emang bisa? Bisa dong! Sekarang bisa bayar dimanapun pakai SPayLater lebih MUDAH lebih CEPAT. Kamu juga bisa nikmati promo Cicilan 0% s/d 6 Bulan &amp; Bebas Biaya Penanganan di periode 17 SEP - 17 NOV 2024. Pakai SPayLater sekarang juga untuk https://t.co/S9zEjf3lMn,6
Atau sarapan sop daging. Masih ada promo porkee di #tokopedia Beli 2 Hemat 5% Beli 3 Hemat 7% Beli 4 Hemat 10% https://t.co/goemywisH2,0
WTS PROMO NONTON DI BIOSKOP CGV FREE POPCORN Order via wa: https://t.co/SYP4OoXsiF Ô∏è Diskon Tiket Mins. Harga 1 tiket* 35k. Jadinya 30k/tix FREE ADMIN &amp; FREE FEE *Harga 1 tiket tergantung lokasi FREE POPCORN min. Pembelian 2 Tiket Tg wts murah voucher diskon kode https://t.co/k7THHJIPzr,2
info promo sepatu dari harga 1jutaan jadi 360 ribuan https://t.co/0F7bQaQXzc,3
Produk termurah di shopee bisa cek di dalam voucher yang jam 18:00 https://t.co/6WPkkOo4hi https://t.co/pounB0SJKg,6
pad! HALO GUYSSS yang mau beli minuman buat prokeran atau buat stok dikosan bisa lgsg dichat aja ke CP buat order. harganya udh pasti lebih murah dari pasaran!! gratis ongkir wilayah bandung &amp; nangor YU LANGSUNG DIORDER AJA https://t.co/Qezusjt9Yv,0
Info Promo Emados Periode 17-20 Okt 2024 https://t.co/qYUbfvKkGK,0
Tadi bm beli seblak kebetulan ada promo di grab food siapa yang suka seblak coba komen https://t.co/N5mX3IiEls,0
Diskon 50% s/d 30RB | Shopee *Min. Belanja 0 *Hanya berlaku kreator pilihan *Pasang alarm pukul 11:30 Khusus kreator ini saja? https://t.co/tUDQArSl6H https://t.co/HP6IrmbWcY,6
 Promo Chatime GrabFood Super Brand Week! Dapatkan 2 Chatime Regular + Pearl cuma Rp47.000! Promo berlaku sampai 27 Oktober 2024 di GrabFood. Yuk buruan order sekarang! #PromoChatime #ChatimeGrabFood #SuperBrandWeek info selengkapnya ada di sini https://t.co/3VGYBkXS5T,0
Promo Dear Me Beauty Hypergloss Lip Balm - Turun harga di jam 05.59 11.59 14.59 17.59 19.59 21.59 23.59 - Caranya : Masukkin keranjang stay di halaman co mainin koinnya di detik-detik menjelang turun harga langsung co kalau harganya berubah https://t.co/dso12KdSoZ,1
Siapa yang udah nungguin diskon besar dari Gramedia Big Sale?! Diskon sultan sampai 70% untuk buku-buku terbaik Gramedia! Saat yang tepat untuk berburu buku impian dengan harga super hemat! Promo terbatas di 5 Gramedia pilihan beli sekarang di https://t.co/7xrc2SCzkL https://t.co/lPCXrHd27n,6
mau spill promo sepatu dari harga 1 2juta jadi 300ribuan https://t.co/Pj6U7ssG5S,3
KALAU GINI! 1x Thread juga ga akan cukup buat ngebahas brand lokal gokil ini Kepoin aja akunnya di https://t.co/LwLOtFYA9G Buruan ambil promo 99K dapat 3 pasang sekarang! https://t.co/GqyPc93QSm https://t.co/dfwuPvFIXC https://t.co/EodAkt5qcp,6
Kupon Tokopedia jam 12.00 Kupon bisa dipakai hari jumat Semua kategori Diskon 20% s.d 100k https://t.co/ZTO9a5AFVY Diskon 15% s.d 150k https://t.co/O3ACYRFqjT Banner https://t.co/XH3VgQh1xm https://t.co/SFAiXKdy14,6
Guys yang punya line bank dan di Jakarta ada promo cuma 25rb nontonnya. https://t.co/jbEezYoTGp,2
[Sesi 2/2] Shopee Pilih Lokal Day 17 Okt ‚è∞Ô∏è 16:30 Voucher Diskon 50rb minbel 50rb Khusus produk bertanda Pilih Lokal Refresh &amp; klaim pada jamnya https://t.co/AzBiEG0YcV Halaman Promo https://t.co/sGsSeHEmlm https://t.co/vqyAQClEG1,6
SIAPA MAU PROMO GOJEK?? haii... aku mau bagi kode promo gojek nih pake kode GOJEKCITRA yaa... oh iya jangan lupa langganan gojek plus biar promonya makin melimpah karna cuma 14k untuk 90 hari biar tambah hemat (cont) https://t.co/tv1HDGQyDz,5
Info Promo Mangga Superindo Berlaku 17-23 Okt 2024 https://t.co/nYm22serhZ,0
[Sesi 2] Diskon 100% s/d 50RB | 17 Okt *Min. Belanja 50RB? *Hanya berlaku untuk produk bertanda Pilih Lokal *Voucher aktif pukul 16:30? Klaim voucher perlu Refresh disini https://t.co/ADiwTumfMw Browser: https://t.co/1tuWYm6uAU https://t.co/cEflVe37nO,6
Sudah belanja produk Kategori MAKANAN &amp; MINUMAN yang mana nih sobat? Promo hematnya masih ada nih di Indomaret! Info selengkapnya di https://t.co/mlV4QDnjjU . #SuperHemat #Indomaret #PromosiIndomaret https://t.co/D4EEaf1Eoh,0
Hijab warna percoklatan gini bikin wajah cerah‚ÄºÔ∏è Kepakai banget buat daily dan gampang masuk warna outfit Mocca https://t.co/H6TXw5N1BS Coksu https://t.co/H6TXw5N1BS Soft latte https://t.co/9jduexfQpk Major brown https://t.co/s3Mfq06spP https://t.co/GMjn8VolHW,3
KODE PROMO GOJEK OKTOBER - GOJEKDWI - COBAINGOJEK - GOWEEKEND - GOCARAJA - GORIDEAJA - GOSENDHEMAT - GOBANDARA diskon s/d 90% https://t.co/w9RtGJVDdC,5
promo gojek yang buat aku hemat bulan ini - GOJEKDWI - COBAINGOJEK - GOWEEKEND - GOCARAJA - GORIDEAJA - GOSENDHEMAT - GOBANDARA,5
GUYS MAUUU PROMOSI DANUSAN EVENT ANGKATANKU LESGO BELIIII!!!! detailsnya aku taroh bawah yah https://t.co/6hnn39yKYL,0
PROMO CUCI SEPATU Ô∏è DROP 3 ITEM 50K DROP 5 ITEM 80K. wa admin 0877-9189-0773 (lokasi belakang uns) https://t.co/HseUSgTbGi,3
PROMO CUCI SEPATU Ô∏è DROP 3 ITEM 50K DROP 5 ITEM 80K. wa admin 0877-9189-0773 (lokasi belakang uns) https://t.co/VPpiwEprhm,3
Kemungkinan Ada Kupon Tokopedia Jumat Jam 00.00 Diskon 50% s.d 30k minimal beli 50k Untuk semua kategori Klaim refresh banner https://t.co/XH3VgQhzmU ‚ÄºÔ∏èPemakaian terbatas. Klaim langsung pakai. Rekomendasi: - Produk Kejar Diskon https://t.co/tqHHk3fg5E - Tokopedia https://t.co/jFwezBcork,6
READY Promo Nonton Bioskop B1G1 XXI CGV Cinepolis khusus film Boleh Kah Sekali Saja Aku Kumenangis &amp; Tebusan Dosa Ô∏è Terbatas Order via wa: https://t.co/SYP4OoXsiF Harga 1 tiket + 10k(fee) = 2 tiket Mins. 45k jadi 55k untuk 2 tix T wts murah voucher diskon kode https://t.co/TsuUVxchC4,2
Promo Shopeefood! Siapa yang suka Ayam Gepuk Pak Gembus? Ayam Gepuk Pak Gembus di ShopeeFood ada Voucher Diskon s/d 22RB loh! Cek disini https://t.co/kI68RC4Gc9 Tag : Promo shopeefood diskon shopeefood makan siang #Zonajajan #zonauang #shopeefoodmission https://t.co/4D6fUzqslo,0
Gas aja trobos walupun tanggal tua dompet kamu bakal tetep aman kok soalnya kamu bisa dapetin promo s.d 40k + gratis ongkir di GrabMart loh Mulai dari sabun skincare bahan makanan semuanya ada! Dijamin sejam sampai! https://t.co/kZPrp8TQIJ,6
Parafrase Spektakuler Dapatkan biaya lebih hemat di akhir tahun ini! Periode promo Ô∏è 15 Oktober - 20 November 2024 Ayo segera daftarkan diri Anda untuk sambut tahun baru dengan karya buku baru berkualitas bersama Parafrase Indonesia! https://t.co/1ecChnlRoN https://t.co/yGDFyVh07C,6
@tokopedia Mulainya jam 19.00 WIB kalau promo nungguin diskon 30% + extra diskon s.d 200.000. Bebas Ongkirnya juga nggak lupa broooo... Lirik aku MinTo... #tokopediahappyhour https://t.co/nPzpcnX95i,6
@tokopedia jam 19.00-20.00 WIB. Paling ditunggu tuh promo diskon sampe 30% trs ada ekstra promo sampai 200k jg. ditambah ADA GRATIS ONGKIRNYA ini sangat membantuku buat belanja karna ongkir kerumah mahal eh jdi HAPPY POLL belanja di @tokopedia #tokopediahappyhour bismillah win https://t.co/8CvU9Utyd9,6
@tokopedia jam 19.00-20.00 WIB. Paling ditunggu tuh promo diskon sampe 30% trs ada ekstra promo sampai 200k. ditambah ADA GRATIS ONGKIR ini sngat membantuku buat belanja skincare krna ongkir kerumah mahal eh jdi HAPPY POLL belanja di @tokopedia #tokopediahappyhour bismillah menang https://t.co/8AiN7sBxuE,6
@tokopedia jam 19-20 WIB. Paling ditunggu promo diskon smpe 30% trs ada ekstra promo s.d 200k. ada GRATIS ONGKIR. pokoknya makasih bnyk @tokopedia buat promonya tiap bulan. aku sungguhan jdi bisa hemat bnyk duit makanya tiap bulan slalu checkout SE-PROMO ITU #tokopediahappyhour https://t.co/QlPOjBl6Zg,6
@tokopedia jam 19-20 WIB. Paling ditunggu promo diskon smpe 30% trs ada ekstra promo s.d 200k. ada GRATIS ONGKIR. pokoknya makasih bnyk @tokopedia buat promonya tiap bulan. aku sungguhan jdi bisa hemat bnyk uang makanya tiap bulan slalu checkout SE-PROMO ITU #tokopediahappyhour https://t.co/ZT69h7u9d2,6
Jazz Alam dan Promo Menanti! Yuk datang ke Jazz Gunung Burangrang di Dusun Bambu Bandung pada 19 Oktober 2024! Buka tabungan BRI BritAma nikmati saldo Rp.100ribu dan raih kesempatan menang emas dari Lucky Draw! Kamu juga bisa dapetin diskon tiket sebesar 30% di website https://t.co/nTR98wWbWL,2
Kupon Tokopedia Sabtu Jam 00.00 Diskon 50% s.d 30k minimal beli 50k. Untuk kategori: Kecantikan Kesehatan dan Perawatan Tubuh. Klaim via direct link https://t.co/z8BvV6axG7 ‚ÄºÔ∏èPemakaian terbatas. Klaim langsung pakai. Rekomendasi kategori: - Produk kesehatan https://t.co/XlXabrs3vr,1
[Klaim] Diskon 50% s/d 100RB *Min. Belanja 100RB *Dapat digunakan pukul 00 12 &amp; 20 25 Okt *Berlaku untuk semua kategori produk Klaim semua Vouchernya disini https://t.co/ZU2movOrvQ https://t.co/A4vHdWxZro,6
Ini kalo semalem ga gabut bukain grab ga bakal tahu kalo ada promo sampe 70% Sumpa ntar kalo skripsian pasti ak cantumin grab di kata pengantarku Seberjasa itu dalam lika liku kehidupan anak kos ini https://t.co/rhfj5nx1Mr,6
Kode promo terbaru gojek goride gocar gofood : GOJEKHEMAT COBAINGOJEK GOCARAJA GOJEKDESMAYANG YUKNGAMPUS GOWEEKEND (Jumat Sabtu &amp; Minggu) Code Oktober 2024 Promo HUT GOJEK ke-14 (sampai 20 Oktober) https://t.co/R009gWI44p Beli makanan yg ada di Gofood PAS harga cuma 22rb https://t.co/GMkePvmnEg,5
WTS PROMO NONTON DI BIOSKOP CGV FREE POPCORN Order via wa: https://t.co/SYP4OoXsiF Ô∏è Diskon Tiket Mins. Harga 1 tiket* 35k. Jadinya 30k/tix FREE ADMIN &amp; FREE FEE *Harga 1 tiket tergantung lokasi FREE POPCORN min. Pembelian 2 Tiket Tg wts murah voucher diskon kode https://t.co/EU7EJEBK9F,2
Krispy Kreme PROMO BUY 1 GET 1 THIS WEEKEND ONLY ON DELIVERY OF GRAB FOOD AND SHOPEEFOOD!! Check your delivery application NOW! https://t.co/E3aCUhOfbG,0
@RacunBelanja Promo transportasi pelantikan presiden &amp; wakil presiden 20 Oktober 2024 *Transjakarta Rp.1 *MRT Rp.1 *LRT Jakarta ( rute veledrome-kelapa gading) Rp.1 https://t.co/jqVN4NKoNQ,5
pad! HALO GUYSSS yang mau beli minuman buat prokeran atau buat stok dikosan bisa lgsg dichat aja ke CP buat order. harganya udh pasti lebih murah dari pasaran!! gratis ongkir wilayah bandung &amp; nangor YU LANGSUNG DIORDER AJA https://t.co/mTTGTc5bBb,0
Oiya promo mereka juga buanyak mulai tgl 17 Oktober-3 November Buy 1 Get 1 Mie dan Dimsum tgi 17 Oktober 2024 Buy 1 Mie get 1 Mie tgi 18-20 Oktober 2024 Gratis Mie min 60rb tgl 21-27 Oktober 2024 Gratis Mie min 70rb 28 Oktober - 3 November 2024 https://t.co/tNx9O7NuFU,0
Lozy Hijab - Viona Plain Paris 138K Get 2 (Hijab Segiempat Paris Premium) https://t.co/ei0UdevwYL,3
Diskon 50% s/d 100k | Tokopedia Kode promo: WETB100AS *Min. transaksi 15k *Berlaku mulai jam 15:00 *Tidak berlaku untuk produk fs happy hour Hanya berlaku untuk produk The Wet Brush https://t.co/7iRxsovdFl https://t.co/DwieDLEnOg,1
@tokopedia Voucher diskon 30% setiap pukul 19.00 WIB Ekstra diskon hingga Rp200.000 seharian Bebas ongkir.¬†Mau beli sabun cuci muka buat Mengurangi risiko jerawat dan Membersihkan pori-pori kulit¬†biar wajah gw makin kincolonggg supaya pacar wee makin sayang #tokopediahappyhour https://t.co/jWOw7UP92u,1
Berburu sepatu incaran jadi makin seru pakai BRImo di USS Jakarta! @urbansneakersociety Catat tanggalnya ya: Ô∏è: 25 - 27 Oktober 2024 : Hall A-B Jakarta Convention Center (JCC) Jakarta Pusat Siap-siap! Bakalan ada banyak promo menarik selama event dan kamu bisa terus https://t.co/ku6XoVrW81,3
[Reminder] Voucher Shopee Live XTRA *Diskon 50% s/d 10k minbel 20k *Berlaku mulai jam 12:00 &amp; 20:00 *Hanya berlaku untuk produk bertanda Live XTRA *Rekomendasi toko makanan ringan https://t.co/PNbSmmB19g https://t.co/iZFu9B3zP1 https://t.co/J9hz2vRHPR https://t.co/hC9UAhB0fn,6
@xkode06 Promo transportasi pelantikan presiden &amp; wakil presiden 20 Oktober 2024 *Naik commuter Line Jabodetabek Rp.1 minimal saldo mengendap Rp.5000 di kartu e-money *Transjakarta Rp.1 *MRT Rp.1 *LRT Jakarta ( rute veledrome-kelapa gading) Rp.1 https://t.co/H2Q5orHgzR,5
Kejar Diskon Tokopedia Ô∏è 20 Okt ‚è∞ 08:00 sampai habis Maks 1-3 per produk Bisa stay di halaman checkout kecuali produk stok 0 (refresh) [Maks 1] Serba 10rb (ada 6) https://t.co/oGVXPNiZiL Rp900 Norvus Hand Sanitizer 85ml (ada 2) https://t.co/cPuSSx53Dr https://t.co/r2JkHDtQ8b,1
READY Promo Nonton Bioskop B1G1 XXI CGV Cinepolis khusus film Boleh Kah Sekali Saja Aku Kumenangis &amp; Tebusan Dosa Ô∏è Terbatas Order via wa: https://t.co/SYP4OoXsiF Harga 1 tiket + 10k(fee) = 2 tiket Mins. 45k jadi 55k untuk 2 tix T wts murah voucher diskon kode https://t.co/DKAZJvYOh0,2
WTS PROMO NONTON DI BIOSKOP CGV FREE POPCORN Order via wa: https://t.co/SYP4OoXsiF Ô∏è Diskon Tiket Mins. Harga 1 tiket* 35k. Jadinya 30k/tix FREE ADMIN &amp; FREE FEE *Harga 1 tiket tergantung lokasi FREE POPCORN min. Pembelian 2 Tiket Tg wts murah voucher diskon kode https://t.co/GKNwxSZFwg,2
[PP] niii gojek kalo ngasi promo sedekah kahh atau gmnn? aku iseng pake goride kann dan pake kode YUKNGAMPUS karna males motoran panas bgtt dan bayangin masa dari ngijo sampe FH cuma 6k woiii murah bgtt https://t.co/TsaxYaawwT,5
Hai! Aku mau kasih kode promo Gojek nihh Gunakan kode GOJEKDYAH yaaa Jangan lupa juga langganan Gojek Plus biar dapat promo lebih banyak cuma Rp14 ribu untuk 90 hari‚ÄºÔ∏è https://t.co/JLTbfGA6Mo,5
braw! haloww sender mau bagi¬≤ promo gojekk hihii KODE PROMO GOJEK BULAN OKTOBER 2024 - COBAINGOJEK - GOJEKDYAH - GOWEEKEND - GOCARAJA (Claim tiap senin jam 00.00) - GORIDEAJA (Claim tiap senin jam 00.00) - GOSENDHEMAT - GOBANDARA DISKON SAMPAI 90%‚ÄºÔ∏è makasii braww,5
Dapatkan berbagai produk kategori MAKANAN &amp; MINUMAN yang hemat di Indomaret selama periode 17 - 30 Oktober 2024. Info selengkapnya di https://t.co/mlV4QDnjjU . #SuperHemat #Indomaret #PromosiIndomaret https://t.co/ztk4hqqCNR,0
Diskon spesial buat makanan dari brand-brand BCA Bangga Lokal Cek promo-promonya yuk! https://t.co/w0IT7dNtF3 https://t.co/Zw5rdSTwjS,0
Diskon 20% s/d 100k | Tokopedia Kode promo: FASHISN20 *Min. transaksi 30k *Hanya berlaku untuk produk Fashion -------- *Rekomendasi Toko Aerostreet https://t.co/rdudtZxy1i Erigo https://t.co/hqKHtWp1bG M231 https://t.co/wxO2WCSkBN Eiger https://t.co/4PBbhe2SGW House of Cuff https://t.co/7vPTOxS7Zc,3
wts wtb promo gojek gofood sudah gf+ - 50% sampai 20k dan promo lain menyesuaikan resto bisa cek dulu tanya fee fast respon: https://t.co/3mbp0bY0Nv #zonajajan #zonauang https://t.co/dTgnxj1nil,0
HARI MINGGU DAPET HP GRATIS CUMA DI JAM 19.00-20.00 AJAA Caranya: 1. Follow @tokopedia 2. Repost &amp; Like tweet ini 3. Reply dengan menjawab pertanyaan Sebutin jam dan promo apa yang paling kamu tunggu-tunggu di Tokopedia Happy Hour! 4. Pakai hashtag #tokopediahappyhour https://t.co/X8IzOKFs7A,4
Waktunya isi rak buku dengan pengetahuan! Dapatkan diskon 20% untuk seluruh buku non fiksi terbaik terbitan Gramedia Pustaka Utama! Promo berlaku hingga 20 Okt 2024. Bawa pulang buku impianmu dari https://t.co/JoACKYf4cU https://t.co/zanBwl6hq5,6
Kode promo Gojek/Goride/Gocar/Gofood GOJEKWIDYA GOINDONESIA COBAINGOJEK GOJEKHEMAT GOWEEKEND GOKANTOR GOSTASIUN GOBANDARA GOSENDHEMAT YUKSEKOLAH YUKNGAMPUS LEBIHHEMAT GORIDEAJA GOCARAJA Daftar GojekPLUS terakhir mlm ini 4700/bln aja #gojeksetiaphari #gojekambassador #zonauang,5
gaiss aku punya kode promo buat gojek pls pakee lumayan ydh mau tengah mlm juga GOJEKGABY GORIDEAJA GOJEKULTAH GOJEKHEMAT LEBIHHEMAT COBAINGOJEK GAJIAN GOSTASIUN GOCARAJA,5
Kode promo gojek Senin 21 Oktober 2024 GORIDEAJA GOCARAJA GOSENDHEMAT GOBANDARA GOAIRPORT GOSTASIUN GOWHOOSH GOMALL GOINDONESIA GOKONSER GOWEEKEND GOJEKINSMB GOJEKINBINUS GAJIAN YUKNGAMPUS YUKSEKOLAH Area tertentu: GOJEKHEMAT LEBIHHEMAT GOGREENACTION GOJEKPAYAKUMBUAH https://t.co/RvLGpc6kGo,5
gokilll makin hari makin susah war promo gojek gorideaja edannn telat 5 mnt lsng habis @gojekindonesia https://t.co/Pgmz6eTeqM,6
Jasa Desain Logo Online Murah (100% Bergaransi) Buat Perusahaan UMKM Olshop Komunitas dll. Bikin Brand Anda Tampil Keren &  Profesional Sekarang! ----- PROMO HEMAT (Diskon Hingga 55%) Cari logo yang bikin bisnis kamu makin standout tanpa biaya besar? Di Grafisatu k https://t.co/oseU8Ozx7C,6
Ô∏è Tukar Kode Voucher di Store Rabbani Super Gampang!Ô∏è Cukup save vouchernya datang dan tunjukkan kodenya ke kasir auto dapet diskon sampai 100K! Yuk follow sosial media Rabbani biar gak ketinggalan promo menarik lainnya! https://t.co/0kKuJcVztp https://t.co/bjUFP6jzac,3
@tokopedia jam 19.00 voucher yang ditunggu jelas promo diskon 30% sama extra diskon s/d 200k #tokopediahappyhour ,6
@tokopedia hari gini masih nanyain promo di tokopedia? YAELAH KEMANA AJA CUYY TENTU AJA DONG PROMO YG GWEH TUNGGU SI POCER DISKON 30% ENI LAH MANA GRATIS ONGKIR PULA LOVE BGT DEH TOKPED #tokopediahappyhour,6
‚è∞12.00 s.d. habis Kode BEAUTYS19 Diskon 20% s.d. 100rb minbel 30rb Kategori kecantikan dan perawatan tubuh Rekomendasi SKIN1004 https://t.co/PawtEyNW4E Cetaphil https://t.co/irWFjjj8BR Elformula https://t.co/XyTWNg7QJD COSRX https://t.co/zaKqgLEnnx Deorex https://t.co/xR8ULXR2DP,1
@tokopedia Promo guncang 10.10 dijamin dapet Promo 10x Flash Sale serba 10rb dan Bebas Ongkir Rp.0 berkali-kali serta dijamin dapat Diskon hingga 50% dan bisa dapet diskon hingga 100rb #PromoGuncangTokopedia #tokopehadiah Kalau kata taehyung sih @tokopedia promonya mantap jiwa https://t.co/GLvN1S8IUi,6
@tokopedia Di jam 19.00-20.00 WIB setiap harinya dan yang ditunggu-tunggu adalah Promo Tokopedia Happy Hour diskon 30% + Ekstra Diskon s.d. Rp200ribu untuk kecantikan perawatan tubuh &  kesehatan! @tokopedia #tokopediahappyhour ,1
promo diskon iphone 13 special 10.10 lazada gajian sale https://t.co/XtuADG7yIO,4
diskon pulsa xl promo lazada special 10.10 gajian sale https://t.co/chQOKy62CW,4
diskon promo lazada special 10.10 gajian sale Voucher digital McDonald s Rp. 100.000 https://t.co/uFOC1FYCDC,0
diskon promo lazada special 10.10 gajian sale Voucher GrabGifts https://t.co/60AhbxOjTi,6
@tokopedia Mulai dari jam 19.00 -20.00 promo diskon 30 % buat belanja #tokopediahappyhour,6
diskon promo lazada special 10.10 gajian sale yg mau nonton bioskop sama pacar bestie keluarga lebih murah nih Voucher CGV #zonauang https://t.co/qhTngp2QoR,2
promo diskon iphone 11 special 10.10 lazada gajian sale https://t.co/Gy6fw8XgWn,4
Diskon 20% s/d 100RB | Tokopedia Kode: BEAUTYS19 *Min. Belanja 30RB *Berlaku untuk kategori Produk kecantikan kesehatan &  perawatan tubuh ------- Rekomendasi toko beauty cek disini: https://t.co/zL0Pkv6C0P ------- Toko kesehatan Cleverhealth https://t.co/nMPjlK4LGM https://t.co/U1IA0kK7K0,1
@tokopedia Tokopedia happy hour dari jam 19.00 -20.00 jangan lupa promo diskon 30 % aja #tokopediahappyhour,6
Tolak Angin jd 34rb 19 Okt ‚è∞Ô∏è 12:00 sampai habis Pake kode BEAUTYS19 (Diskon 20% s/d 50rb minbel 30rb) Atau diskon 20%/15% klaim kamis Daftar Produk (ada 8) https://t.co/jrQIDbgEVG https://t.co/JMOGIdEq3L,1
Kode: BEAUTYS19 Diskon 20% s.d 100k minimal beli 30k Khusus kategori kecantikan kesehatan dan perawatan tubuh. Rekomendasi kategori: - Produk kesehatan https://t.co/3IZW3HEseg - Brand kecantikan pilihan https://t.co/wv9oVzANB9 - Produk kejar diskon https://t.co/IrAS0YlQgs,1
Akhirnya dapat lagi Yuk share yang dapat juga diskon termurah di shopee https://t.co/p7pRNHmqRs,6
[Absen Hari ke-6] Voucher Termurah di Shopee *Diskon 50% s/d 100k minbel 50k *kemungkinan ada setiap hari selama event 11.11?? https://t.co/z3c5QFDYu2,6
Aku nemu promo menarik di Lazada nih. Yuk coba lihat! Nama Produk: True to Skin - Matcha Oat Gentle Cleanser Harga Produk: Rp49.900 Harga Diskon: Rp25.000 | https://t.co/VJZdW0dFZR,1
Aku nemu promo menarik di Lazada nih. Yuk coba lihat! Nama Produk: True to Skin Sunfriends Sunscreen Gel SPF 50 PA++++ Harga Produk: Rp89.000 Harga Diskon: Rp64.500 | https://t.co/UtCxoXNwR9,1
Aku nemu promo menarik di Lazada nih. Yuk coba lihat! Nama Produk: Cetaphil Gentle Skin Cleanser 500ml dengan Niacinamide Glycerin dan Panthenol Sabun Pembersih Muka Untuk Segala Jenis Kulit Harga Produk: Rp286.000 Harga Diskon: Rp204.900 | https://t.co/KwfqCXE06N,1
Flash Voucher Lazada 12:00 | 19 Okt *Diskon 40% s/d 40k?? minbel 100k *Yang berhasil klaim bagusnya langsung dipake https://t.co/1rxxkDaFR7 https://t.co/66txCelsuu,6
[Reminder] Voucher Termurah Shopee 19 Okt ‚è∞ 12:00 sampai habis Diskon 50% s/d 100rb minbel 100rb Siapin produknya dari sekarang Klaim tanpa refresh di sini: https://t.co/KjrB6kMvtV Untuk cek produk yg nempel kemungkinan bisa lewat voucher termurah 50% s/d 10rb di https://t.co/zTsIdiJd2w,6
Flash Voucher Setiap hari | Lazada ‚è∞12:00 | 19 Okt *Diskon 40% s/d 40rb Minbel 100rb *Hanya berlaku 1 Jam setelah klaim *Cepet cepetan Klaim https://t.co/Nphl9NHfo3 https://t.co/f8QfRs37Ns,6
Kejar Diskon Tokopedia Ô∏è 19 Okt ‚è∞ 12:00 sampai habis Maks 1-3 per produk Bisa stay di halaman checkout kecuali produk stok 0 (refresh) [Maks 1] Rp10.000 2pcs Palmolive 1L https://t.co/vzYTopqBk9 2pcs Mr Muscle Pembersih Lantai 750ml https://t.co/6VYsyWzY0C Cetaphil https://t.co/quW2EjYxts,6
[Kemungkinan restock jam 12:00] Voucher Diskon 50% s/d 30k minbel 50k *Cepet-cepetan klaim *Hanya berlaku untuk produk Kecantikan Kesehatan &  Perawatan Tubuh Link Voucher https://t.co/Hb7yBzkJXu ------ *Rekomendasi Toko Kesehatan Century Healthcare https://t.co/yXqkp2xosG https://t.co/tTLiQrXdaL,1
rekomendasi shirt kemeja wanita atasan blouse a thread kerja kuliah sekolah ngantor scbd santai jalan-jalan ootd idea hitam putih pink biru white denim earth tone 11.11 shopee event promo diskon baju longsleeve knit top outer cardigan maba ui itb unair ugm undip ipb ub ospek,3
Termurah di Shopee ‚è∞ Jam 12.00 Diskon 50% maksimal Rp100.000 Minimal pembelian Rp100.000 Klaim vouchernya disini tanpa refresh: https://t.co/VYqxybP16x https://t.co/VMWG4i3kxx,6
[Pengingat] Diskon Live 50% s/d 10rb ‚è∞12:00 | 19 Okt *Min. Belanja 20rb *Berlaku untuk produk Live xtra *cepet cepetan pake (lumayan gaib) tissue/perabotan https://t.co/UYDQgf8IDo Jajanan https://t.co/ZOlLZ1nTVG Rekomendasi Toko Live xtra lain disini https://t.co/DrqUvCmvRX https://t.co/1Zqs7LfzY9,6
Termurah di Shopee ‚è∞ Jam 12:00 Diskon 50% maksimal Rp100.000 Minimal pembelian Rp50.000 Klaim vouchernya disini tanpa refresh: https://t.co/L3AhaUF7BE https://t.co/HQzbZDRBWS,6
[Pengingat] Diskon 50% s/d 100RB ‚è∞12:00 | 19 Okt *Min. Belanja 100RB *Khusus produk Termurah dishopee *Klaim tanpa Refresh pukul 12:00 https://t.co/qyvKvWH1ZI Link browser: https://t.co/rvqEggBquv Cari produk didalem voucher 50% s/d 10rb klaim disini https://t.co/7Exi3gjwmy https://t.co/PeKbK3donb,6
[Kemungkinan Restock] Voucher Diskon 50% s/d 30RB ‚è∞12:00 | 19 Okt *Min. Belanja 50RB *Cepet cepetan klaim? *Berlaku untuk kategori Produk kecantikan kesehatan &  perawatan tubuh Link Voucher https://t.co/9MveYbyMtQ ------- Rekomendasi toko beauty cek disini: https://t.co/LrKzDKAVnU,1
[Kemungkinan Restock Jam 12:00] Kupon Weekend Sale Tokopedia 19 Okt ‚è∞Ô∏è 12:00 Khusus Produk Kesehatan Perawatan &  Kecantikan Cepet2an klaim &  pake siapin produknya dari skrg Diskon 50% s/d 30rb minbel 50rb https://t.co/2YlesOBm1E Rekomendasi toko-toko: Wings (GIV https://t.co/Vd5W7zJ1zw,1
Flash Voucher Lazada Ô∏è 19 Okt ‚è∞ 12:00 Voucher Diskon 40rb minbel 100rb Link Halaman: https://t.co/D1fbFPwgtN https://t.co/nBHxFlQD1I,6
‚è∞Ô∏è12:00 WIB Klaim Tanpa Refresh Voucher Termurah di Shopee https://t.co/TpwjlCaW6J DISKON 50% s/d 100RB minbel 100k cara cari produknya https://t.co/2jfTdgY1tb https://t.co/85TtEgmS0d,6
Selamat siang selamat hari Sabtu jangan lupa makan siang/maksi. Penasaran sama Cheese Ice Cream nya Tomoro tapi belum sempet main ke sana :( Yg mau jajan juga &  dpt promo/diskon bole pake kode reff aku ya: 4L45UD Terima kasih dan selamat berakhir pekan https://t.co/5pvI97W3hY,0
Voucher Shopee Live Xtra 19 Okt ‚è∞Ô∏è 12:00 &  20:00 Diskon 50% s/d 10rb minbel 20rb Cepet2an pake Khusus Live Xtra &  kategori tertentu Tidak perlu klaim cek di sini: https://t.co/1KwLT1eDLo https://t.co/Dw0ZPJzkRq,6
Voucher Termurah di Shopee Jam 12.00 Diskon 50% s.d 100k minimal beli 100k Untuk produk 'Koleksi Termurah di Shopee' Klaim voucher tanpa refresh https://t.co/ggFakbA7gX https://t.co/kzle48LjFE,6
diskon menu fore coffee 50% caranya: 1. install apps fore coffee 2. daftar dan klik bagian memiliki kode referral lalu masukin kode referral 1A32C9 tags. promo diskon reff referal refferal kopi gratis murah dessert jajan croissant butterscotch minuman makanan voc voucher,0
Voucher Termurah Shopee 19 Okt ‚è∞ 12:00 sampai habis Diskon 50% s/d 100rb minbel 100rb Siapin produknya dari sekarang Klaim tanpa refresh di sini: https://t.co/KjrB6kMvtV Untuk cek produk yg nempel kemungkinan bisa lewat voucher termurah 50% s/d 10rb di sini: https://t.co/g3tEtJwLvt,6
GrabFood Diskon 70% s/d 40rb minbel 55rb 19 Okt Hanya berlaku di kota dan restoran tertentu Daftar resto cek di banner Diskon 70% https://t.co/4dukbliSHE,0
GrabFood Diskon 55% s/d 35k 11:00 12:00 13:00 14:00 *Min. transaksi 40k *Hanya berlaku untuk restoran tertentu https://t.co/pzxiLG3jTF https://t.co/P00bdJtjmB,0
 b1g1 19 oktober update jam 10.43 masih available tebusan dosa bisa buat semua dari sekarang sampe malem langsung wa aja ada di bio (contoh) 1 tiketnya 30k jadinya cuma bayar 30k doang udah dapet 2 tiket no fee no biaya app wts open jastip co https://t.co/m8ca6G7EMn,2
Ô∏è‚Äç bolehkah kumenangis sekali saja bssk cgv only semua promo available reguler sweetbox diskon special class special price tinggal pilih jenis kursinya bisa pesen sekarang ato deket pas jam tayang aku on terus di wa ada di bio wts open jastip co https://t.co/ZgOtwGtiKN,2
 studio velvet gold satin special price bisa untuk semua film yang ada jadwalnya di special class the subtance smile 2 kuasa gelap home sweet loan hsl dll tiap lokasi beda film mau nonton sambil selonjoran sampe tiduran bisa bangett wts open jastip co https://t.co/FjwPnjMU4g,2
@tokopedia Tokopedia Hour dimulai pada jam 19.00 WIB promo diskon 30% + extra diskon s.d 200rb #tokopediahappyhour,6
Temukan Setrika Philips Diva GC122/47 Pink - Setrikaan promo murah Tapak Strika Anti Lengket Tahan Lama di Blibli lagi diskon 22% harganya jadi Rp195.000 ! Coba buka link-nya deh:https://t.co/F9VYHW7jJU https://t.co/F9VYHW7jJU,6
Aku nemu promo menarik di Lazada nih. Yuk coba lihat! Nama Produk: PROMO CUCI GUDANG CELANA JEANS PANJANG DEWASA REGULER PRIA DENIM ukuran 27-44 Harga Produk: Rp399.000 Harga Diskon: Rp95.000 | https://t.co/Seghbtm7RW,3
Joki Tugas by UDIN Pengerjaan cuma sejam! Tersedia untuk SAINTEK dan DESIGN dari SMP sampai kuliah. Promo Agustusan 16-20 Agustus diskon 20%! Langsung WA buat order! [#zonauang] https://t.co/yvq99nK3yM,6
Aku nemu promo menarik di Lazada nih. Yuk coba lihat! Nama Produk: gorden 1set poni pintu dan jendela bahan premium kenari dof dan glosi Harga Produk: Rp130.000 Harga Diskon: Rp65.000 | https://t.co/hNZfhS30Wi,6
Aku nemu promo menarik di Lazada nih. Yuk coba lihat! Nama Produk: Finally Found You! HYDRICEING & BRIGHTENING Essence Booster - Serum Infused Toner Untuk Semua Jenis Kulit 100mL Harga Produk: Rp149.000 Harga Diskon: Rp134.000 | https://t.co/J9DPZ4DLTc,1
WTS PROMO NONTON DI BIOSKOP CGV FREE POPCORN Order via wa: https://t.co/SYP4OoXsiF Ô∏è Diskon Tiket Mins. Harga 1 tiket* 35k. Jadinya 30k/tix FREE ADMIN & FREE FEE *Harga 1 tiket tergantung lokasi FREE POPCORN min. Pembelian 2 Tiket Tg wts murah voucher diskon kode https://t.co/EU7EJEBK9F,2
Udah liat promo Ayam Geprek Rinduagus jl. GegerKalong Hilir No. 109? Diskon ongkir Rp10.000 dengan min. pembelian Rp60.000. Langsung cek dan beli aja di GoFood. https://t.co/idZq5IKGEp https://t.co/xYGpTYh1pc,0
Hello Sahabat KB Bank! Kartu Kredit KB Bank punya Promo Seru nih! Kamu transaksi di Subway bisa dapat Diskon 30% Loh! Periode promo 21 Oktober 2024 - 31 Desember 2024 * Syarat & ketentuan berlaku : - Minimal transaksi Rp. 100.000 (sebelum tax & services). https://t.co/UkUNHFRmNr,0
Kode Weekend Sale Tokopedia 19 Okt ‚è∞Ô∏è 12:00 sampai habis Khusus Produk Kesehatan Perawatan & Kecantikan Diskon 20% s/d 100rb minbel 30rb Kode: BEAUTYS19 Rekomendasi toko-toko: Wings (GIV Nuvo dll) https://t.co/JWrhgII6k5 Skintific https://t.co/0zfGFW7vOv Somethinc https://t.co/NR3m32DJZx,1
Mau nyari baju batik yang keren berkualitas unik dan anti mainstream untuk di semua acara? Pakai promo Panin Kartu Kredit aja! Ada diskon 15% di seluruh outlet Galeri Parang Kencana Nikmati promo menarik ini sampai 31 Maret 2025 dan berlaku buat semua tipe Panin Kartu Kredit https://t.co/HQR6z3iLuy,3
@zein_chandra20 @zein_chandra20 Halo Sahabat @zein_chandra20 dapat kami informasikan untuk benefit Program Spesial HUT Bank Mandiri Ke-26 sbb: 1. Promo Spesial Serba 26 di Berbagai Merchant Favorit 2. Diskon 26% di Berbagai Merchant di Livin SUKHA 3. Promo Special Transaksi Pakai Livin ,6
TOMORO 9K Aja nih Voucher Diskon Tomoro jadi 9k Download Apps Tomoro https://t.co/x9HSqgNQr8 Jgn lupa masukin refferal W7564T biar dapat voucher 9k minumannya. Tinggal order via Apps & payment! Voucher valid 7 hari dari daftar di apps! T promo murah kopi #zonajajan #zonauang https://t.co/bqkVsTvWt6,0
Rayakan Promo Ranch Market 26th Anniversary Discount dengan diskon Rp26.000 buat belanja produk segar minimal Rp260.000 hanya 19-20 Oktober 2024. Belanja hemat yuk! #RanchMarket26th #PromoRanchMarket #diskonbelanja info selengkapnya ada di sini https://t.co/T1h5SVGDMe https://t.co/ajEKtjBbtp,0
Diskon besar-besaran! Promo Vans Up to 70% mulai 18 Oktober 2024. Ayo kunjungi store dan outlet Vans sekarang dan jangan sampai kehabisan! #PromoVans #vansdiscount untuk koleksi yang ikutan promo bisa kalian lihat di sini https://t.co/M8uvHgvqmj https://t.co/a10lhco6Fp,3
Promo Spesial Weekend Diskon s/d 15%! Klik di sini https://t.co/tnKdkTDUfz https://t.co/eFlj3KKNHX,6
Aku nemu promo menarik di Lazada nih. Yuk coba lihat! Nama Produk: SP 081 Sepatu Wanita Sneakers Korea Import Korean Style T-11 Harga Produk: Rp190.000 Harga Diskon: Rp83.367 | https://t.co/Mhpg2gybRD,3
Aku nemu promo menarik di Lazada nih. Yuk coba lihat! Nama Produk: EL STORE - SEPATU DOCMART SANDAL WANITA SALLY MODERN TALI PITA CANTIK Harga Produk: Rp126.000 Harga Diskon: Rp41.208 | https://t.co/6YtPeVFPLZ,3
Promo Sale UTBK Pahamify Terbaru Kode Diskon Ô∏è PFMTRYOUT + TAKLUKKANUTBK Langsung akses ke aplikasi Pahamify atau melalui Pahamify Web https://t.co/9plVwoVDwu,6
Promo KJSM Diskon 35% Asvita Piring Daun PD 201 Large PD 202 Botol mayo 2 Lubang 500ml Botol mayo 2 Lubang 700ml Mug Tinggi Hati + Tutup 475ml Periode 17-20 Oktober 2024 Yuk Belanja. https://t.co/nbhZsjFmXF,6
Inilah 14 Kode Promo Grab Hari ini 19 Oktober 2024: Diskon Belanja GrabMart 60 Persen GrabCar & GrabBike 20K https://t.co/t93ozIuyJo,6
Curi Start Persiapan Sekolah Kedinasan 2025 Persiapkan Tes SKD SEKDIN 2025 di Bimbel Online JADISEKDIN sekarang juga dan dapatkan akses materi SKD live class simulasi serta latihan soal dan pembahasan Kode Promo Diskon Tambahan: LOLOSSEKDIN Diskon Affiliate: SUKSESUJIAN https://t.co/4uHfNJFIQz,6
Sobat Shopee!!! #CekShopeeDulu Soalnya hari ini di Shopee 11.11 Big Sale ada promo #TermurahdiShopee ELFORMULA diskon jadi cuma 17RB aja! Ga cuma itu ada Ekstra Diskon 100RB juga lho! Mantep banget deh! Langsung aja checkout di sini https://t.co/6abOaqdZGJ https://t.co/6qVeUWDt6g,1
Promo Superbank x Grab Diskon Makan GrabFood 75% s.d 100rb Diskon Grab Dineout s.d 20rb Dapat Saldo Tambahan 10rb/50rb Cukup Tahan Saldo 50rb/1JT diakun superbank kamu Tahan Saldo selama 3 Hari Kode Reff Referral Referral superbank ada tersedia Masukin kode: KYO6L1 #Superbank https://t.co/1Hz5BPTPNn,0
Kode Diskon 50% s/d 100rb minbel 15rb 19 Okt ‚è∞Ô∏è 09:00 sampai habis Tidak berlaku untuk produk yg sedang FS siapin produknya dari sekarang The Wet Brush Kode: WETB100A https://t.co/BAFQ0HP3XN https://t.co/jx9NKKjPS4,1
@tokopedia KAMU NANYA PROMO APA YG AKU TUNGGU TAPI TUNGGU DULU JANGAN TERBURU YAUDAH DEH AKU KASI TAU TOKOPEDIA HAPPY HOUR Promo yg ku tunggu DISKON 30% + EKSTRA DISKON Di JAM 19.00 - 20.00 WIB #tokopediahappyhour,6
Diskon 50% s/d 100k | Tokopedia Kode promo: WETB100A *Min. transaksi 15k *Berlaku mulai jam 09:00 *Tidak berlaku untuk produk fs happy hour Hanya berlaku untuk produk The Wet Brush https://t.co/7iRxsovdFl https://t.co/YpaUTmrJMx,1
Promo Superbank hadir kembali Cukup Tahan Saldo 50rb/1JT diakun superbank kamu selama 3 hari Dapat Saldo Tambahan 10rb/50rb dengan kode reff Referral Referral superbank tersedia Masukin kode: LN44NO Diskon Makan GrabFood 75% s.d 100rb Diskon Grab Dineout s.d 20rb #SuperBank https://t.co/mt1p9fd6yq,0
Jalan-Jalan Hemat di Jakarta hanya dengan Rp 1! Promo DKI Jakarta Tarif Angkutan Umum Rp 1 untuk Pelantikan Presiden berlaku 20 Okt. Yuk jelajahi kota dengan SATU RUPIAH aja! #PromoDKIJakarta #TarifRp1 #explorejakarta info lengkapnya ada di sini yah https://t.co/ReK350yFRW,5
@tokopedia Tokopedia Happy Hour ada di 19.00-20.00 WIB Promo ditunggunya : Promo Diskon 30% + Extra Diskon s.d. Rp.200rb Biar Bisa Checkout lebih murah. #tokopediahappyhour #tokopediahappyhour,6
Lengah dikit UTBK tinggal 193 hari lagi Gass belajar dari sekarang dengan BAO mumpung masih ada Promo 10.10 berlaku sampai besok ajaa Cuss ambil kode promonya di DM/WA #paydayspecials #ruangguru #timsekop #sandyourheart #kevmistry #axelots https://t.co/ROJ94gX6pr,6
Cute banget koleksi Harry Potter x Miniso! sudah tersedia mulai hari ini ‚ÄºÔ∏è buruan serbu nder jangan sampai kehabisan ! Mimin spill yah koleksi house Gryffindor Slytherin Hufflepuff atau Ravenclaw ! Ô∏è Tersedia eksklusif di Miniso Land Central Park Mall Mulai 19 https://t.co/3zrGkYdyEm,6
‚è∞09.00 Diskon 50% s.d 100rb minbel 15rb Kode WETB100A Khusus toko wet brush‚¨áÔ∏è https://t.co/OjmhZprgO8 stok terbatas bisa siapin dulu produknya tidak berlaku untuk produk flash sale happy hour https://t.co/1Fb8eKHlaK,1
14 Kode Promo Gojek Hari ini 19 Oktober 2024: Diskon OTW Bandara 9 Persen GoCar Rp12 Ribu Cashback GoPay 15% https://t.co/WYyyamDhYR,5
 [Promo Pagiii] Promo Shopee Food hari ini diskon sampai 85% dan gratis ongkir xtra hingga Rp 15.000. Promo spesial... Link shopee https://t.co/UYaAOf7zfG https://t.co/L3D1iku5jv,0
Memperingati Hari Santri ada juga diskon untuk buku religi islami lain yang bisa kamu nikmati lho! Promo berlaku hingga 31 Oktober 2024 : https://t.co/iOXoE3TLXG https://t.co/eQyqS4qCBU,6
Program Mastery TIU TKP TWK Bimbel JADIASN Terlatih mengerjakan soal SKD CPNS 2024 dengan cepat dan tepat Yuk aktifkan paket premium JadiASN dan dapatkan akses simulasi SKD CPNS 2024 Kode Promo Diskon Tambahan: BIMBELCPNS Diskon Affiliate: SUKSESUJIAN https://t.co/29KWijQrd2,6
Cek Olay Total Effects 7in1 Niacinamide Day and Night Cream Skincare Antiaging 50gr dengan harga Rp134.900. Dapatkan di Shopee sekarang! https://t.co/NMfDFZ1dNv https://t.co/tc19evTLNT,1
@tokopedia jam 19.00-20.00 WIB. Paling ditunggu tuh promo diskon sampe 30% trs ada ekstra promo sampai 200k jg. ditambah ADA GRATIS ONGKIRNYA ini sangat membantuku buat belanja karna ongkir kerumah mahal eh jdi HAPPY POLL belanja di @tokopedia #tokopediahappyhour bismillah win https://t.co/5F2E3elhsf,6
@tokopedia jam 19-20 WIB. Paling ditunggu promo diskon smpe 30% trs ada ekstra promo s.d 200k. ada GRATIS ONGKIR. pokoknya makasih bnyk @tokopedia buat promonya tiap bulan. aku sungguhan jdi bisa hemat bnyk duit makanya tiap bulan slalu checkout SE-PROMO ITU #tokopediahappyhour https://t.co/jxuVUc0vft,6
READY Promo Nonton Bioskop B1G1 XXI CGV Cinepolis khusus film Boleh Kah Sekali Saja Aku Kumenangis & Tebusan Dosa Ô∏è Terbatas Order via wa: https://t.co/SYP4OoXsiF Harga 1 tiket + 10k(fee) = 2 tiket Mins. 45k jadi 55k untuk 2 tix T wts murah voucher diskon kode https://t.co/CZSjRUBcd0,2
@tokopedia Promo 10x Flash Sale serba 10 ribu. Dijamin diskon sampai dengan 50% #PromoGuncangTokopedia,6
Pagi-pagi promo dikirim hari ini. Stok baru. 100% kulit sapi segar 100% bebas pemutih 100% bebas DETERJEN 100% bebas BATUK 100% money Back Guarantee 100% HALAL DISKON 100% Bebas Minyak Bekas Bantu repost/order thank you https://t.co/gO2XrpTmf0 https://t.co/VHbY23jBQP,6
Halo kakak Dicoba yuk kakak main di OSBToto. Kami juga punya promo loh kakak *Diskon & Hadiah To93l Terbesar ( setiap hari ) *Bonus Rollingan S10t 1% ( setiap hari Kamis ) *Bonus Rollingan Live game 1% ( setiap hari kamis) *Bonus Referral seumur hidup 1% https://t.co/YME2sre3Cv,6
Cari info promo burek diskon belanja pulsa kuota tagihan? Daftar kredivo pake referral nazw6rwmo bakal dapet 125k poin (Rp125k) bisa dipotong 25% dari total belanja di shopee/tokped/tiktok/lazada/ buat tagihan ATAU aku bantu cairin kurleb jadi Rp115k. Gaji diisi min 3 juta https://t.co/FwwETNlC2l,4
@tokopedia Jam tokopedia happy hour yang selalu saya tunggu2 seklai adalah jam 00.00 10.00 12.00 19.00 dan 20.00 WIB alias waktu indonesia bagian belanja soalnya promo nya banyak bangett dan promo yg aku tunggu itu promo diskon 30% + extra diskon s.d 200rb #tokopediahappyhour https://t.co/reGvRGqKyB,6
Promo Diskon Pahamify!!! special bulan Oktober ( 23 Oktober 2024) Double Diskon Pahamify Special For SNBT 2025 Pasti Lolos PTN !! Tutorial dapetin double diskon pahamify: 1Ô∏è‚É£ Buka website https://t.co/AIuVLOh7Lt 2Ô∏è‚É£ Pilih paket belajar 3Ô∏è‚É£ Masukkan kode diskon : PFMSNBT https://t.co/HgpqfQqJrH,6
@tokopedia Get your hands on the best discounts in town! Cuma di @tokopedia Serba-serbi Promo 10.10! Dijamin dapet deh ini Ô∏è10x Flash Sale 10rb 12 Kupon 100rb-1.2JT Klaim Diskon 50% s.d. 100rb 10rb Barang Diskon 50% 4x Bebas Ongkir Rp0 #PromoGuncangTokopedia,6
3pcs cuma 109rb Satunya 30rb an https://t.co/GETb0ZItKk https://t.co/P1kVOj58Aj,6
PROMO DISKON KILAT TELAH HADIIIRR!! Cukup 1x bayar harga mulai dari 399 rb aja! Yuk langsung pakai promonya buat kamu yang mau persiapan menuju PTN atau Sekolah Kedinasan tahun 2025. Cek di sini untuk layanan yang bisa kamu dapetin yaa! https://t.co/UYOe066aN3,6
wts voucher diskon gojek goride - pot 5k fee 500p - pot 7 5k fee 1 5k - pot 60% max 7 5k fee 1k - pot 4k free boleh cek dulu langsung drop alamat sama tujuan https://t.co/Ls4pqm6Pgi,5
Merapat ke Transmart Terdekat Sekarang Ada Diskon 50% + 20% Seharian https://t.co/ZwZShJEgAP,6
Kejar Diskon Tokopedia Ô∏è 20 Okt ‚è∞ 12:00 sampai habis Maks 1-3 per produk Bisa stay di halaman checkout kecuali produk stok 0 (refresh) [Maks 1] Serba 10rb (ada 9) https://t.co/Av24mTKgEC Rp7.875 Hansaplast Sensitive Plester XL https://t.co/qb2TyQvvyx Rp8.316 https://t.co/i9I5KMt5kD,6
Wts Voucer Goride Diskon 7 5k ready banyak bisa cek dulu #wts #zonauang #zonajajan #gojek #goride,5
 Hollowread Special Halloween Ini dia saatnya koleksi buku horor dan misteri yang baru! Spesial untuk Grameds ada diskon 20% untuk buku-buku terbaik pilihan Gramedia! : https://t.co/ynTbYbMOeh Yuk meluncur ke https://t.co/00XEE4iyEn dan bawa pulang buku favoritmu! https://t.co/TzZRbuckYg,6
Voucher Termurah di Shopee Jam 12.00 Diskon 50% s.d 100k minimal beli 100k Untuk produk 'Koleksi Termurah di Shopee' Klaim voucher tanpa refresh https://t.co/ggFakbAF6v Bisa cari produknya di sini https://t.co/ldkANBakRI https://t.co/vrIwDvBOLK,6
s! buat event 25 nanti nih ambil 3 dapet diskon lagi https://t.co/GvF4FEdzFW,6
/ss wts perPCan skz yukk monggo di borong bisa req live/video beli banyak dapet diskon + bonus. Dom tangsel @ ada di pic https://t.co/UFVpsNlG83,4
wts// want to sell// slingbang/handbag bahan jeans +pu uk :26√ó12√ó17 Ô∏è230 K ada diskon dari shopee Ô∏èjateng Ô∏èshopee/ Lion Parcel Ô∏è Andari produk Ô∏è Furing satin besi pengait kokoh https://t.co/1eME4jDJbA Tags tas #zonauang #zonaba #zonabu #taswanita https://t.co/NB8jxFr7hV,3
Mau baca buku tapi bingung baca apa? Sini ditemenin baca sama Teman Membaca Ditambah dengan diskon hingga 20% pengalaman membaca kamu pasti jadi lebih menyenangkan! Dapatkan promonya hanya di https://t.co/qK021SYxK8 dari 11 sampai 24 Oktober 2024! ‚ÄçÔ∏è‚ÄçÔ∏è https://t.co/Z1UwTz5Wvi,6
 MUST HAVE BOOKS Siap untuk memperkaya ilmu? Dapatkan diskon 20% untuk koleksi buku wawasan dan inspirasi pilihan Gramedia! Eksklusif di https://t.co/1dPp9ZA8g6 sampai 31 Oktober 2024. Yuk mulai perjalananmu menuju pengetahuan yang lebih dalam! https://t.co/MjaYi1wl2k,6
Kemeja Aerostreet jd 50rban Pake kupon diskon 20%/15% S-XXL &amp; 3 warna Daftar Produk (ada 3) https://t.co/eLeba5ZeYQ Produk lain cek toko https://t.co/Kr3rExTSO1 https://t.co/FKptBDsc57,3
Aku up testi nanti sorean yaa buat yang mau joki bisa langsung chatt! Buat anak SMP dan SMA ada diskon khusus yaw! Yokk chat lgsg ke https://t.co/haT1iCwpqi /DM #zonauang #zonajajan #zonaba,6
paket tryout pahamify / mipy / mipi 10√óTO 130k 20√óTO 196k harga di atas bisa didapat kalau pake diskon kode referral PFMIPY sama apply diskon TAKLUKKANUTBK ya pembelian hanya di https://t.co/kCiq7iQsbX (menu diamond) t. rekomendasi TO snbt bimbel ui ugm itb unair usu https://t.co/L6iiHiu9SO,6
ada yg mau gaa adidas ori cowo belum pernah dipake (beli di official store adidas) harga 359 ajaa diskon 5% pake shopee video. di ecommerce masih 450+++ https://t.co/209eKK9Tgd,3
 @raihanaulia_rar Ah iya Lotte dulu kesini buat belanja bahan2 resto. Senengnya beli roti diskon 50% yg mau kadaluarsa masih ada ga ya?,0
New Champaign Pahamify Diskon ratusan ribu buat kamu yang mau CURI START BELAJAR dengan cara di bawah ini ya: *Ã•Àökode referral PFMIPY + pilih voc TAKLUKKANUTBK*Ã•Àö Pastikan kamu ga kelewatan kesempatan besar ini ya buddies! t. utbk snbt bimbel ui ugm itb unair uns https://t.co/zPCL0xxurD,6
hyy Hai @peachgranate open jasa edit PL/pricelist nih! Avail 20+ katalog berbagai tema. Bisa bundle QR deco bebas pilih katalog + dapet diskon FREE tambah kotak https:/A22/t.co/jSHCESM9Gd,6
Ngadoin orang tersayang kini bisa lebih hemat karena ada diskon di FlowerAdvisor kalau bayar pakai BCA Pesan kado di https://t.co/magHFiGr4y dan gunakan kode voucher BCAFLOWER untuk nikmatin diskonnya! Promo ini berlaku hingga 31 Desember 2024. Cek https://t.co/51y3W9ACIJ https://t.co/KwrGF1K85p,6
Udah liat promo Ayam Geprek Rinduagus jl. GegerKalong Hilir No. 109? Diskon ongkir Rp10.000 dengan min. pembelian Rp60.000. Langsung cek dan beli aja di GoFood. https://t.co/idZq5IKGEp https://t.co/Y7IFUC6Hmu,0
hi @ghozyulhaq @ameriken0__ Ovo paylater sering ada diskon 70% 40rb grab food. Meskipun biaya admin nya 15rb (kadang direfund adminnya),0
@univeurseon sini kak paketan dapat diskon banyak total 125k aja sung dikerjakan no antri free req hero auto wsws no wlwl and bergaransi,6
Result Togel Taiwan 19/10/24 Hadiah Togel ALADDIN666 Min DP/WD : 10K/50K 4D x 8000 3D x 900 2D x 95 NO DISKON Min. Bet 100 perak WA : +6287764079517 Link Daftar : https://t.co/e4I9GB7QIO #aladdin666 #togelonline #resulttogel #togeltaiwan #dana #qris #daftar https://t.co/imQ3h2FAVv,6
Yuk top up game favorit kamu dengan Voucher UniPin! Nikmati diskon hingga 9% setiap kalian beli Voucher UniPin di promo payday bareng Shopee. Promo berlaku untuk Voucher UniPin di Aplikasi Shopee via Android. Langsung buka Aplikasi Shopee kalian dan nikmati diskonnya! https://t.co/hc6QIgQoNc,6
Hal-hal yang bikin Paps good mood seharian setuju gak nih? Kalau udah soal diskon bukan cuma Moms yang senang Paps juga! Yuk tukarkan #XLPoin jadi e-voucher hotel biar besok staycation jadi makin hemat tukernya di sini ya https://t.co/aJO9ahoGBS #WeAreMore https://t.co/ezQfr4Kml3,5
wtb wts promo gojek gofood (sudah gf+) gocar goride gosend GOCAR - 50% max 15k - diskon 12k 10k 5k GORIDE - 50% 10k GOSEND - diskon 8k dan 6k tanya fee bisa cek dulu fast respon: https://t.co/3mbp0bYyD3 jangan dm #zonauang #zonajajan https://t.co/y7Fe1e76M4,6
 @mwanual Haloo yuk jajan layout di @parkyoriii adaa diskon nihh dari tanggal 10-20 Oktober Ô∏è Katalog 8K-10K Ô∏è 7K Ô∏è Katalog 11K-14K Ô∏è 10K Ô∏è Katalog 15K keatas Ô∏è Diskon 30% QRIS only 17243 https://t.co/2QX2p4E7wF https://t.co/ciZMf5YFQg,6
Yuk belajar UTBK/SNBT 2025 dengan Pahamify! Dapatkan diskon dengan menambahkan kode referrral PFMGASPTN + pakai TAKLUKKANUTBK! Pembelian paket hanya melalui web https://t.co/rEqFeRYZ5j t. Mify mipy pahamify tryout utbk snbt gratis belajar online latihan soal to murah um https://t.co/bg75aj7Ckf,6
Abis belanja pertama dapet lagi diskon 15RB buat pulsa/tagihan! Yuk pake link referral aku langsung belanja deh! https://t.co/N7T4IPHZZy # #Tokopedia via @Tokopedia,6
Eh udah pernah belanja di Tokopedia belum? Kalo belum aku punya kupon diskon 40RB nih! Terus ada barang cuma Rp100-an gokil kan? ,6
#wts mari jajan! take bulk dapet diskon special dijamin dapet freebies sekebon juga giselle nya 55k for both udah incl all https://t.co/s6u9tfqx7W https://t.co/AwyMKlAdrZ,6
 100% kulit sapi segar 100% bebas pemutih 100% bebas DETERJEN 100% bebas BATUK 100% money Back Guarantee 100% HALAL DISKON 100% Bebas Minyak Bekas Bantu repost/order thank you bisa instan Kota Bogor tiba 30 menit https://t.co/FNDacCp2Mk,6
#jersey4sale @JerseyLigina Jersey Persib Bandung Home ACL 2 2024 Original Player Issue BNWT Size : M (70.5 * 73 x 53 Harga Retail Rp. 799.000 Harga Diskon Rp. 499.000 Pengiriman dari Subang - Jawa Barat WA : 089602718787 https://t.co/ts9xE1VRIF,3
Sudah coba aplikasi Fore Coffee? Dapatkan diskon 50% untuk pembelian pertamamu! Download sekarang dan masukkan kode referral 6A04DC saat registrasi. https://t.co/jQPJcVrDvf,0
Kamu juga akan dapetin voucher DISKON 50% kalau pakai kode referral ini: **RIOW2O** Download sekarang aplikasi Jiwa+ di PlayStore/ AppStore https://t.co/vBpQ6noPJW Layanan JIWA+ hadir semakin dekat denganmu! Yuk nikmati keuntungannya sekarang juga!,4
Hai coba order menu favoritmu pakai JIWA+ yuk! Kamu bisa dapetin keuntungan ini : 1. Pemesanan kamu akan diprioritaskan 2. Dapatkan banyak keuntungan dari Loyalty Membership 3. Voucher diskon hingga 15 Voucher setiap bulan 4. Dapatkan point di setiap transaksi,6
#wts mari jajan! take bulk dapet diskon special dijamin dapet freebies sekebon juga giselle nya 55k for both udah incl all https://t.co/s6u9tfqx7W https://t.co/2ENlFSi9f0,6
Walaupun udah lama launching dan beli karena diskon (25% kalau beli 2 item) tetep seneng bangett Koya definisi macem pentol gede bangett Ô∏è https://t.co/7pjI6x0QYS,6
#wts mari jajan! take bulk dapet diskon special dijamin dapet freebies sekebon juga giselle nya 55k for both udah incl all https://t.co/s6u9tfqx7W https://t.co/o49gQywYod,6
NGOPI CUMA 9RB??! yang tempatnya ada TOMORO COFFEE Coba download appnya di playstore trs masukkin KODE REFERRAL: 47744X Dapet promo voucher jadi serba 9K enak banget weh aku udh beli beberapa kali ada non kopi juga tag diskon murah vc enak kopi matcha jajan #zonajajan https://t.co/PYNqgkR96H,0
#wts mari jajan! take bulk dapet diskon special dijamin dapet freebies sekebon juga https://t.co/s6u9tfqx7W giselle nya 55k for both udah incl all https://t.co/E8tNHfRpWx,6
@tokopedia Tokopedia Happy Hour hanya 1 Jam 19.00-20.00 WIB !! Yang paling aku tunggu promo diskon 30% Karena bisa belanja dengan harga lebih hemat dan bikin wishlist jadi lebih terjangkau. Semoga bisa dapat kesempatan menang biar makin semangat belanja #tokopediahappyhour https://t.co/fjdgeWJSgI,6
Yg lagi nyari atau need WH KR bisa cek2 disini yuk EMS &amp; AIR CARGO All in one service: FREE Join WH Co web KR Won / USD Ratusan flight Rutin pengiriman Rate stabil + sering diskon Rekapan bisa diakses Admin standby Klo mau tanya2 bisa langsung DMÔ∏è mkzs-,6
Aku nemu promo menarik di Lazada nih. Yuk coba lihat! Nama Produk: Mukena Terusan Dewasa Jumbo Bordir Seribu Bunga Katun Mikro Premium Mukenah Putih by Ratu Kameela Harga Produk: Rp165.000 Harga Diskon: Rp113.500 | https://t.co/MVIpVDAHHg,3
Aku nemu promo menarik di Lazada nih. Yuk coba lihat! Nama Produk: GLAMOURE - GAMIS SETELAN MUSLIMAT NU SERAGAM PENGAJIAN WANITA TERBARU 2024 SANWOS HIJAU TUA SEDANG Harga Produk: Rp90.000 Harga Diskon: Rp90.000 | https://t.co/IPIEtvolpy,3
Berbagai Sepatu Sneakers UNISEX Harga merakyat!! Diskon Up To 60% ~ A Thread ~ https://t.co/4stwjJQMoF,3
Aku nemu promo menarik di Lazada nih. Yuk coba lihat! Nama Produk: Mukena khusus Umroh dan haji Mukena berlengan Mukena putih Mukena lebaran 2024 Mukena Ramadhan Harga Produk: Rp250.000 Harga Diskon: Rp199.000 | https://t.co/lInEdOJvJr,3
Aku nemu promo menarik di Lazada nih. Yuk coba lihat! Nama Produk: Mukena Terusan Sutra Millo Prada Renda Krisdayanti Harga Produk: Rp220.000 Harga Diskon: Rp173.800 | https://t.co/Sjs66lzRkY,3
Aku nemu promo menarik di Lazada nih. Yuk coba lihat! Nama Produk: Mukena Terusan Dewasa Jumbo Bordir Seribu Bunga Katun Mikro Premium Mukenah Putih by Ratu Kameela Harga Produk: Rp165.000 Harga Diskon: Rp113.500 | https://t.co/yVjNsg1yib,3
Aku nemu promo menarik di Lazada nih. Yuk coba lihat! Nama Produk: Tas Selempang Pria Premium Original Waterprof | Slingbag Laki-laki | COD Harga Produk: Rp136.033 Harga Diskon: Rp104.640 | https://t.co/20oJBcdI96,3
 yuk yang mau gestun g≈çpaylat√©r instan mumpung japonya udah jadi tgl 1 des! Bisa via CO/link payment sering ùóßùóòùó†ùóïùó®ùó¶ di @swanu nombig ada diskon fee #ZonaUang [ X359 ],6
Aku nemu promo menarik di Lazada nih. Yuk coba lihat! Nama Produk: Tas Ransel Anti Maling Tahan Air Travel Bag Import USB Slot Waterproof Harga Produk: Rp166.904 Harga Diskon: Rp104.688 | https://t.co/cykzJg7Qws,3
@erinajajan harga incl all bisa req live xtra potongan up to 40k https://t.co/0KrVRAFlme,6
Diskon Voucher Potongan harga Pesawat Maskapai Traveloka hingga 10% NO MINIMAL! proses cepat aman! Bisa untuk rombongan travel agent! KAI dan Hotel jugabisa! https://t.co/G7cgHCpB62 #zonauang #zonajajan #diskon #tiketpesawat 20 T Agus Kereta GDRAGON,5
Halo-halo bagi kalian yang ingin sedang mencari kursus bahasa mandarin inggris korea atau jepang bisa daftar di cockatoo course!! Ada diskon 15% + tambahan potongan harga hingga 100k Boleh banget tanya-tanya dulu via DM atau langsung chat saja ke https://t.co/VT5Yguo1es https://t.co/aKxtCvBTLC,6
jangan sampai ketinggalan Super Brand Day di Lazada! Diskon Unilever lagi gila-gilaan dari produk perawatan tubuh sampai kebutuhan rumah tangga semuanya dapet potongan harga besar. momen yang pas banget buat borong stok bulanan,1
Yg mau coba twc luxcrime coba cek dishopee dpet harga murce disc+voc live dari 67.150 jdi 37.900 lumayan potongan setengah harga wkwk https://t.co/yIj6RqMQ5D,6
RDAFFAYOBAHAGIA5 Kode promo reddoors yang ingin staycationn liburan di hotel penginapan kos koolkost.. Dapet voucher/ potongan harga 3% bisa digabung dengan kode promo lain #reddoor #reddoorz #pintumerah #oyo #bnb #travelio #mamikos #agoda #traveloka,5
ges udah pada pakai Diskon Unilever Di Lazada belum nih? gua dapet potongan up to 60% nih kapan lagi belanja dapet potongan harga segede gede ini,6
 Dapatkan buku-buku menarik dan nikmati potongan harga spesial dari Gramedia Koleksi buku-buku favoritmu dengan potongan harga hingga Rp 70.000 - Promo berlangsung hingga 31 Oktober 2024 jangan lewatkan kesempatan ini! ‚ÄçÔ∏è https://t.co/J0nKXxif1g,2
Contoh soal SKD CPNS dari Privat Al Faiz. Bagi teman-teman yang mau daftar try out silahkan bisa klik link dibawah ini dan dapatkan potongan harga dengan memasukkan kode diskon yang tertera https://t.co/0kaobVw5Lg kode kupon diskon: DIMAS Seleksi CPNS 2024 CASN 2024 https://t.co/TBbchuDhz4,6
Sells interest check! @/fromrajutmu LAST CALL! Besok aku open PO Fluffy Cat Hat ini!! Special potongan harga up to 40k buat batch # 1! (LIMITED) bisa custom warna jg. Yang mau di tag drop @ ya https://t.co/4BR7lyXO2u,6
Diskon Unilever Di Lazada bikin belanja makin hemat! Dapetin produk skincare &amp; bodycare favorit dengan potongan harga hingga 60% plus free ongkir. Jangan sampai kelewatan buruan checkout sekarang!,1
Nikmati diskon menarik untuk produk Unilever di Lazada dengan potongan harga hingga 50% untuk berbagai produk pilihan,1
Lovsell interest check! @/fromrajutmu LAST CALL! Besok aku open PO Fluffy Cat Hat ini!! Special potongan harga up to 40k buat batch # 1! (LIMITED) bisa custom warna jg. Yang mau di tag drop @ ya https://t.co/hJ5deoPHgb,6
Btw guys ini dah sampai di aku yaa ^^ yg mau langsung c.o shopee bisa banget. Jungwon Heeseung Jake Sunghoon 40k/pc Sunoo Ni-Ki 35k/pc Kalau mau pakai shopvid bisa ada potongan harga juga nih. Sudah termasuk adm+packing. https://t.co/2Sk2tNLiR8 #wts #enhypen #wantosell https://t.co/QEUvNuBa36,6
Promo diskon DEOREX BODY ODORIZER EXTRA WHITENING / PENGGANTI DEODORANT / BAU KETIAK Potongan harga dengan koin hingga 36% https://t.co/fRSMmH4vUF https://t.co/2bqr0MYctg,1
 @tokopedia yang paling ku tungguinnn ¬∞ ¬∞ Diskon 30% ¬∞ ¬∞ Extra potongan harga 200ribuu ¬∞ ¬∞ Dan pastii free ongkirrr JANGAN LUPA TOKOPEDIA HAPPI HOUR JAM 19.00-20.00 #tokopediahappyhour https://t.co/3dwdsSokia,6
@tokopedia Jam 19.00-20.00 dan Promo yang paling ditunggu-tunggu di Tokopedia Happy Hour yaitu Diskon 30% plus extra potongan harga hingga 200ribu dan bebas Ongkir #tokopediahappyhour,6
 Bismillah Tokopedia Happy Hour di jam 19.00-20.00 promo 30% plus extra potongan harga hingga 200ribu and bebas ongkir dong mantap betul Tokopedia #tokopediahappyhour Tokopedia selalu ada selalu bisa,6
@tokopedia Tokopedia Happy Hour di jam 19.00-20.00 promo 30% plus extra potongan harga hingga 200ribu dan bebas ongkir dong #tokopediahappyhour -14,6
Beli paket internet &amp; pulsa Telkomsel bisa dapet #CashbackNampol loh! Caranya transaksi di MyTelkomsel min Rp25.000 &amp; bayar pakai OVO Cash bisa dapet cashback OVO points maks 50.000. Yuk transaksi sekarang di https://t.co/2zwfCKtHh0 promo sampai 20 Oktober 2024! *S&amp;K https://t.co/lUYydF5RG9,4
 gusy siapa yg baru tau kalo di Grab bs beli pulsa? ‚ÄçÔ∏è trus lagi diskon ditambah kode promo makin murah lg. maklum anak pertama hrs beliin pulsa buat adek &amp; ortu. https://t.co/jnGAriNTC0,4
Jangan sampe ketinggalan diskon up to 30 ribu khusus di Oktober ini! Bayar tagihan XL SATU via Tokopedia pake kode promo XLHOMENEW untuk pengguna baru &amp; XLHOMETOPED untuk pelanggan setia Yuk bayar tagihan XL SATU kamu sekarang! #BeraniJadiSatu #SekeluargaJadiSatu https://t.co/L3FAHfcleI,4
HP GRATIS DI HARI MINGGU CUMA DI JAM 19.00-20.00 AJAA Caranya: 1. Follow @tokopedia 2. Repost &amp; Like tweet ini 3. Reply dengan menjawab pertanyaan Sebutin promo Tokopedia Happy Hour yang paling kamu tunggu-tunggu dan produk yang kamu mau beli! 4. Pakai hashtag https://t.co/OdLjet9pcj,4
 GIVEAWAY SAMSUNG GALAXY A15 Hari ini ada Samsung Galaxy A15 senilai 2 8JT++. Mau? Caranya: - FOLLOW @ShopeeID - RT tweet ini - KLIK banner di bawah ini - REPLY sejak kapan kamu pakai Shopee dan apa promo favorit kamu? GOOD LUCK ,4
HARI MINGGU DAPET HP GRATIS CUMA DI JAM 19.00-20.00 AJAA Caranya: 1. Follow @tokopedia 2. Repost &amp; Like tweet ini 3. Reply dengan menjawab pertanyaan Sebutin jam dan promo apa yang paling kamu tunggu-tunggu di Tokopedia Happy Hour! 4. Pakai hashtag #tokopediahappyhour https://t.co/X8IzOKFs7A,4
promo diskon iphone 13 special 10.10 lazada gajian sale https://t.co/XtuADG7yIO,4
diskon pulsa xl promo lazada special 10.10 gajian sale https://t.co/chQOKy62CW,4
promo diskon iphone 11 special 10.10 lazada gajian sale https://t.co/Gy6fw8XgWn,4
Cari info promo burek diskon belanja pulsa kuota tagihan? Daftar kredivo pake referral nazw6rwmo bakal dapet 125k poin (Rp125k) bisa dipotong 25% dari total belanja di shopee/tokped/tiktok/lazada/ buat tagihan ATAU aku bantu cairin kurleb jadi Rp115k. Gaji diisi min 3 juta https://t.co/FwwETNlC2l,4
/ss wts perPCan skz yukk monggo di borong bisa req live/video beli banyak dapet diskon + bonus. Dom tangsel @ ada di pic https://t.co/UFVpsNlG83,4
Kamu juga akan dapetin voucher DISKON 50% kalau pakai kode referral ini: **RIOW2O** Download sekarang aplikasi Jiwa+ di PlayStore/ AppStore https://t.co/vBpQ6noPJW Layanan JIWA+ hadir semakin dekat denganmu! Yuk nikmati keuntungannya sekarang juga!,4
Jadi Data Analyst di negara ini auto tajirüí∏ Kamu pengen di negara mana nih???ü§© Tertarik jadi Data Analyst? Yuk mulai upgrade skill sekarang & belajar bareng expertnya langsung! üöÄ Daftar bootcamp Data Analysis pakai kode promo SIAP100 buat dapetin diskon 100K di:üìçhttp://myskill.id/bootcamp #LearnAtMySkill,4
"Wah, ada Promo THR dari Pacmann nih, menarik promonya. JPP Max 7,7 jutaan untuk belajar selama setaun. Kurang lebih 650rb sebulan untuk bisa belajar ML/AI atau Data. Kebetulan aku ada referal nih, masukin aja naufaldi24 atau ke http://bit.ly/pac-naufaldi buat bisa mendaftar.",4
"‚ú® GIVEAWAY ALERT ‚ú® ADA IPHONE 15 PRO GRATISSSS!! 1.Follow  @LazadaID & tag 3 teman.  2. Like, RT & reply screenshot isi troli kamu di Lazada 11.11 Diskon Terbesar di Lazada + hashtag #MaapMaapNih #Lazada1111ID #LazadaID #LazadaGiveaway SEBANYAK-BANYAKNYA! Periode: 12-18 Nov",4
Flash Sale Tokopedia üïô 10:00 | 25 Nov *kemungkinan bisa stay pengiriman [Rp979.000] Changhong Google TV 32 inch https://tokopedia.link/eIp3NjXDNOb,4
"Bayar tagihan internet Indihome lebih hemat! Gunakan kode promo INDIHOMEHEMAT untuk cashback hingga Rp30.000. Berlaku khusus pengguna baru Tokopedia. Buruan, promo terbatas sampai akhir bulan ini!",4
"Beli pulsa dapat diskon, di aplikasi Grab aja üóìÔ∏è 10 Oktober 2024 ‚è∞ Jam 13:00-15:00 Gunakan kode promo DOUBLEUNTUNG untuk tambahan diskon hingga Rp1.500 Cek promonya disini: https://grb.to/3R2Yw67",4
"Beli laptop Lenovo Yoga, Legion, dan Legion LOQ dengan prosesor AMD Ryzen‚Ñ¢ dan dapatkan cashback 5% up to Rp1 juta hanya di Tokopedia! Dapatkan di https://t.co/pQwk3P77NO S&K berlaku  #LenovoID #Yoga #Legion #LegionLOQ #AMD #Ryzen #PromoLaptop",4
"Kamu ada rencana beli Smartphone hingga  Elektronik dll, aku saranin  pake kupon diskon [10% s/d 5jt] *cek disini: Studio Ponsel (Produk Apple) http://tokopedia.link/kyC6We5g0Kb Samsung http://tokopedia.link/FWPBZb7g0Kb Xiaomi http://tokopedia.link/ySTFF18g0Kb Oppo http://tokopedia.link/erIq4Xah0Kb",4
"BELANJA DI ASUS ONLINE STORE YUUUK??  Banyak promo nih: Diskon 1,8 Jt untuk AIO Z272 dengan kode voucher 'ASUSAIOZ272' Diskon 300 Rb untuk AIO V161 dengan kode voucher ""ASUSAIOV161"" Bebas Ongkir, 3 Bulan Garansi Ekstra, & bunga 0% dengan kartu BCA. #ASUSshoppingDay",4
Ada #promo gajian nih untuk setiap pembelian accessories di Xiaomi Official Store di @LazadaID pakai kode voucher MIACCS20 ya! S&K berlaku!,4
Diskon Pulsa/Paket Data/Listrik PLN di Tokopedia‚ÄºÔ∏è Diskon hingga Rp8.000 Minimal pembelian Rp25.000 Kode promo: INSERT15,4
